benchmark,is_fm,FastFMC_GB,ddnnife_GB,d4-query_GB,query-dnnf_GB,Ganak_GB,sharpSAT_GB,countAntom_GB
10random,0,0.0286,0.0287,NA,NA,0.0160,0.0066,0.0102
2.6.28.6-icse11,1,NA,NA,NA,NA,NA,NA,NA
2.6.32-2var,1,NA,NA,NA,NA,NA,NA,NA
2.6.33.3-2var,1,NA,NA,NA,NA,NA,NA,NA
20_rd_r45,0,NA,NA,NA,NA,NA,NA,NA
23_rd_r45,0,NA,NA,NA,NA,NA,NA,NA
2bitadd_11,0,NA,NA,NA,NA,NA,NA,NA
2bitadd_12,0,NA,NA,NA,NA,NA,NA,NA
2bitcomp_5,0,0.0580,0.1000,NA,0.0686,0.0149,0.0052,0.0143
2bitmax_6,0,0.4223,0.7502,NA,NA,0.0242,0.0059,0.3745
2bitmax_6_1,0,0.4233,0.7508,NA,NA,0.0263,0.0060,0.5976
3bitadd_31,0,NA,NA,NA,NA,NA,NA,NA
3bitadd_32,0,NA,NA,NA,NA,NA,NA,NA
3bitadd_32_1,0,NA,NA,NA,NA,NA,NA,NA
3blocks,0,0.0303,0.0321,NA,0.0402,0.0177,0.0077,0.0127
4blocks,0,0.0514,0.0621,NA,NA,0.1442,0.0267,0.6800
4blocksb,0,0.0328,0.0378,NA,0.0334,0.0189,0.0124,0.0142
4step,0,0.0279,0.0280,NA,NA,0.0149,0.0053,0.0097
50-10-1-q,0,0.0466,0.3199,NA,NA,0.0159,0.0069,0.1819
50-10-10-q,0,0.0291,0.1011,NA,NA,0.0163,0.0063,0.1126
50-10-2-q,0,0.0879,0.7364,NA,NA,0.0160,0.0062,0.2506
50-10-3-q,0,0.0804,0.5059,NA,NA,0.0163,0.0063,0.4061
50-10-4-q,0,0.0290,0.0920,NA,NA,0.0156,0.0066,0.1537
50-10-5-q,0,0.0286,0.0546,NA,NA,0.0155,0.0061,0.0941
50-10-6-q,0,0.0720,0.4314,NA,NA,0.0158,0.0061,0.1138
50-10-7-q,0,0.0511,0.1797,NA,NA,0.0162,0.0061,0.1676
50-10-8-q,0,0.0289,0.0651,NA,NA,0.0160,0.0062,0.0286
50-10-9-q,0,0.0560,0.4467,NA,NA,0.0157,0.0061,0.0492
50-12-1-q,0,0.1006,1.2787,NA,NA,0.0173,0.0065,0.7144
50-12-10-q,0,0.3872,2.3071,NA,NA,0.0176,0.0070,2.6960
50-12-2-q,0,0.1151,1.1379,NA,NA,0.0170,0.0070,2.6678
50-12-3-q,0,0.1463,0.6494,NA,NA,0.0196,0.0071,0.5301
50-12-4-q,0,0.2580,0.9038,NA,NA,0.0175,0.0065,0.7964
50-12-5-q,0,0.1073,0.9937,NA,NA,0.0188,0.0072,2.3368
50-12-6-q,0,0.0589,0.1950,NA,NA,0.0167,0.0071,0.8865
50-12-7-q,0,0.2914,1.0398,NA,NA,0.0184,0.0070,2.5651
50-12-8-q,0,0.1833,2.1684,NA,NA,0.0197,0.0069,2.5603
50-12-9-q,0,0.1099,2.8231,NA,NA,0.0178,0.0067,1.5039
50-14-1-q,0,2.0369,26.4076,NA,NA,0.0219,0.0091,NA
50-14-10-q,0,0.4345,9.2663,NA,NA,0.0225,0.0079,0.1165
50-14-2-q,0,0.3047,13.2095,NA,NA,0.0200,0.0076,2.5183
50-14-3-q,0,1.2400,15.4680,NA,NA,0.0238,0.0089,0.9523
50-14-4-q,0,0.2977,1.7202,NA,NA,0.0218,0.0080,1.0192
50-14-5-q,0,0.2586,15.9417,NA,NA,0.0222,0.0077,0.3693
50-14-6-q,0,0.4603,1.1633,NA,NA,0.0200,0.0096,NA
50-14-7-q,0,1.7456,9.4758,NA,NA,0.0214,0.0089,1.9304
50-14-8-q,0,0.1584,6.5620,NA,NA,0.0187,0.0089,1.8366
50-14-9-q,0,1.5624,29.2518,NA,NA,0.0252,0.0079,NA
50-16-1-q,0,2.0753,50.0981,1.7649,NA,0.0214,0.0086,NA
50-16-10-q,0,10.9788,40.7867,1.3993,NA,0.1411,0.0106,NA
50-16-2-q,0,6.9753,NA,4.0226,NA,0.1174,0.0087,NA
50-16-3-q,0,2.6306,36.5962,1.2377,NA,0.0413,0.0096,NA
50-16-4-q,0,5.6304,NA,3.1942,NA,0.1178,0.0085,NA
50-16-5-q,0,3.1784,20.7719,0.7871,NA,0.0344,0.0099,NA
50-16-6-q,0,1.7597,NA,4.1767,NA,0.0321,0.0086,NA
50-16-7-q,0,0.8619,16.7751,0.5754,NA,0.0202,0.0084,NA
50-16-8-q,0,2.0555,NA,4.7798,NA,0.0311,0.0085,NA
50-16-9-q,0,4.5329,61.1026,1.9368,NA,0.0886,0.0108,NA
50-18-1-q,0,NA,NA,NA,NA,NA,NA,NA
50-18-10-q,0,NA,NA,NA,NA,NA,NA,NA
50-18-2-q,0,6.3185,NA,NA,NA,0.0547,0.0137,NA
50-18-3-q,0,3.5724,NA,2.9203,NA,0.0485,0.0112,NA
50-18-4-q,0,22.7040,NA,NA,NA,0.0858,0.0111,NA
50-18-5-q,0,23.4531,NA,7.9865,NA,0.0691,0.0118,NA
50-18-6-q,0,9.3051,NA,NA,NA,0.0234,0.0110,NA
50-18-7-q,0,NA,NA,NA,NA,NA,NA,NA
50-18-8-q,0,7.0952,NA,9.3330,NA,0.0701,0.0110,NA
50-18-9-q,0,5.3887,NA,6.2349,NA,0.0414,0.0110,NA
50-20-1-q,0,NA,NA,NA,NA,NA,NA,NA
50-20-10-q,0,NA,NA,NA,NA,NA,NA,NA
50-20-2-q,0,NA,NA,NA,NA,NA,NA,NA
50-20-3-q,0,NA,NA,NA,NA,NA,NA,NA
50-20-4-q,0,NA,NA,NA,NA,NA,NA,NA
50-20-5-q,0,NA,NA,NA,NA,NA,NA,NA
50-20-6-q,0,NA,NA,NA,NA,NA,NA,NA
50-20-7-q,0,NA,NA,NA,NA,NA,NA,NA
50-20-8-q,0,NA,NA,NA,NA,NA,NA,NA
50-20-9-q,0,NA,NA,NA,NA,NA,NA,NA
5_100_sd_schur,0,NA,NA,NA,NA,NA,NA,NA
5_140_sd_schur,0,NA,NA,NA,NA,NA,NA,NA
5step,0,0.0281,0.0279,0.0283,NA,0.0148,0.0053,0.0097
75-10-1-q,0,0.0281,0.0283,0.0285,NA,0.0152,0.0055,0.0105
75-10-10-q,0,0.0281,0.0283,0.0285,NA,0.0152,0.0054,0.0104
75-10-2-q,0,0.0282,0.0284,0.0288,NA,0.0158,0.0055,0.0136
75-10-3-q,0,0.0279,NA,0.0280,NA,NA,0.0054,NA
75-10-4-q,0,0.0281,0.0282,0.0284,NA,0.0152,0.0055,0.0106
75-10-5-q,0,0.0283,0.0285,0.0286,NA,0.0159,0.0055,0.0158
75-10-6-q,0,0.0280,0.0284,0.0287,NA,0.0158,0.0058,0.0125
75-10-7-q,0,0.0282,0.0283,0.0287,NA,0.0161,0.0055,0.0105
75-10-8-q,0,0.0283,0.0284,0.0285,NA,0.0154,0.0057,0.0131
75-10-9-q,0,0.0283,0.0287,0.0286,NA,0.0158,0.0058,0.0188
75-12-1-q,0,0.0289,0.1210,0.0321,NA,0.0166,0.0060,0.0626
75-12-10-q,0,0.0283,0.0337,0.0291,NA,0.0171,0.0062,0.0273
75-12-2-q,0,0.0284,0.0288,0.0290,NA,0.0166,0.0061,0.0344
75-12-3-q,0,0.0293,0.2426,0.0353,NA,0.0164,0.0062,0.0516
75-12-4-q,0,0.0285,0.0293,0.0290,NA,0.0171,0.0058,0.0122
75-12-5-q,0,0.0294,0.0615,0.0297,NA,0.0163,0.0059,0.0519
75-12-6-q,0,0.0291,0.0388,0.0290,NA,0.0171,0.0062,0.0304
75-12-7-q,0,0.0285,0.0647,0.0299,NA,0.0172,0.0060,0.0336
75-12-8-q,0,0.0294,0.0678,0.0299,NA,0.0165,0.0058,0.1208
75-12-9-q,0,0.0284,0.0287,0.0289,NA,0.0165,0.0060,0.0256
75-14-1-q,0,0.0286,0.0679,0.0302,NA,0.0179,0.0063,0.0159
75-14-10-q,0,0.0328,0.2180,0.0360,NA,0.0188,0.0062,0.1765
75-14-2-q,0,0.0289,0.0868,0.0314,NA,0.0181,0.0062,0.0264
75-14-3-q,0,0.0320,0.4950,0.0447,NA,0.0180,0.0068,0.1391
75-14-4-q,0,0.0296,0.2158,0.0347,NA,0.0181,0.0070,0.1055
75-14-5-q,0,0.0289,0.1269,0.0324,NA,0.0181,0.0062,0.0657
75-14-6-q,0,0.0298,0.2879,0.0380,NA,0.0182,0.0062,0.0532
75-14-7-q,0,0.0343,0.0856,0.0307,NA,0.0181,0.0065,0.2453
75-14-8-q,0,0.0430,0.1323,0.0325,NA,0.0183,0.0067,0.2001
75-14-9-q,0,0.1274,1.6635,0.0811,NA,0.0183,0.0064,0.1238
75-15-1-q,0,0.0294,0.1426,0.0329,NA,0.0161,0.0066,0.1286
75-15-10-q,0,0.0400,0.4890,0.0455,NA,0.0157,0.0065,0.1978
75-15-2-q,0,0.0367,0.3317,0.0373,NA,0.0157,0.0069,0.2342
75-15-3-q,0,0.0426,0.6143,0.0470,NA,0.0157,0.0066,0.0505
75-15-4-q,0,0.0290,0.0361,0.0294,NA,0.0195,0.0062,0.0419
75-15-5-q,0,0.0281,NA,0.0284,NA,NA,0.0057,NA
75-15-6-q,0,0.0403,0.5828,0.0500,NA,0.0162,0.0072,0.0733
75-15-7-q,0,0.1707,0.9243,0.0590,NA,0.0155,0.0066,0.1499
75-15-8-q,0,0.0371,0.4044,0.0430,NA,0.0192,0.0070,0.0963
75-15-9-q,0,0.0311,0.0823,0.0309,NA,0.0191,0.0063,0.1642
75-16-1-q,0,0.0941,1.2209,0.0786,NA,0.0162,0.0071,0.1876
75-16-10-q,0,0.0736,1.6279,0.0892,NA,0.0162,0.0070,0.2224
75-16-2-q,0,0.0974,0.8270,0.0561,NA,0.0168,0.0079,0.1522
75-16-3-q,0,0.1175,0.9374,0.0617,NA,0.0163,0.0071,0.0843
75-16-4-q,0,0.2252,1.5898,0.0871,NA,0.0192,0.0072,0.0862
75-16-5-q,0,0.0399,0.1269,0.0325,NA,0.0166,0.0064,0.0707
75-16-6-q,0,0.0356,0.2185,0.0358,NA,0.0160,0.0072,0.1603
75-16-7-q,0,0.0677,2.1598,0.1031,NA,0.0168,0.0072,0.1840
75-16-8-q,0,0.0319,0.0885,0.0317,NA,0.0167,0.0075,0.1108
75-16-9-q,0,0.0999,0.8663,0.0620,NA,0.0171,0.0081,0.1609
75-17-1-q,0,0.1222,1.8749,0.1005,NA,0.0176,0.0074,0.2409
75-17-10-q,0,0.0383,0.1271,0.0328,NA,0.0173,0.0069,0.1082
75-17-2-q,0,0.0435,0.4695,0.0428,NA,0.0174,0.0070,0.1318
75-17-3-q,0,0.1937,3.1395,0.1448,NA,0.0175,0.0071,0.2024
75-17-4-q,0,0.0564,0.4341,0.0441,NA,0.0175,0.0078,0.2256
75-17-5-q,0,0.1076,0.8766,0.0569,NA,0.0174,0.0074,0.1478
75-17-6-q,0,0.0854,0.7072,0.0534,NA,0.0173,0.0091,0.0616
75-17-7-q,0,0.1792,0.9612,0.0641,NA,0.0174,0.0081,0.0202
75-17-8-q,0,0.1048,0.5821,0.0487,NA,0.0174,0.0074,0.1630
75-17-9-q,0,0.1019,2.7637,0.1277,NA,0.0174,0.0080,0.1197
75-18-1-q,0,0.0668,0.8758,0.0606,NA,0.0195,0.0072,0.3310
75-18-10-q,0,0.1126,5.7084,0.2324,NA,0.0197,0.0087,0.9918
75-18-2-q,0,0.9172,3.7346,0.1711,NA,0.0198,0.0082,2.2837
75-18-3-q,0,0.1833,7.6975,0.3090,NA,0.0197,0.0091,2.5021
75-18-4-q,0,0.0358,0.8210,0.0556,NA,0.0196,0.0076,0.1108
75-18-5-q,0,0.0830,1.2835,0.0694,NA,0.0195,0.0081,0.1642
75-18-6-q,0,0.1120,6.2223,0.2178,NA,0.0194,0.0078,0.1446
75-18-7-q,0,0.2412,1.2323,0.0810,NA,0.0194,0.0075,0.0263
75-18-8-q,0,0.1921,5.5218,0.2221,NA,0.0195,0.0075,0.8840
75-18-9-q,0,0.1703,0.4534,0.0415,NA,0.0215,0.0075,0.0502
75-19-1-q,0,0.3519,7.2027,0.2643,NA,0.0221,0.0087,NA
75-19-10-q,0,0.1746,4.0558,0.1655,NA,0.0223,0.0091,0.2031
75-19-2-q,0,0.2420,9.8365,0.3647,NA,0.0232,0.0084,0.1170
75-19-3-q,0,0.1630,NA,3.4478,NA,0.0223,0.0088,NA
75-19-4-q,0,0.1454,3.7936,0.1523,NA,0.0222,0.0089,0.1454
75-19-5-q,0,0.1159,1.5841,0.0744,NA,0.0221,0.0088,0.0932
75-19-6-q,0,0.3639,9.7925,0.4098,NA,0.0221,0.0079,NA
75-19-7-q,0,0.2568,11.8008,0.4352,NA,0.0221,0.0102,0.5156
75-19-8-q,0,0.5518,14.2977,0.5869,NA,0.0221,0.0088,NA
75-19-9-q,0,0.1587,3.0296,0.1352,NA,0.0222,0.0088,0.2068
75-20-1-q,0,0.5656,30.5650,1.2680,NA,0.0248,0.0102,0.2183
75-20-10-q,0,0.6565,6.0761,0.2686,NA,0.0250,0.0098,2.0413
75-20-2-q,0,1.0191,3.2102,0.1416,NA,0.0251,0.0095,NA
75-20-3-q,0,0.2104,NA,2.6408,NA,0.0252,0.0095,2.2202
75-20-4-q,0,0.1166,7.6929,0.2907,NA,0.0250,0.0098,NA
75-20-5-q,0,0.0945,0.8114,0.0591,NA,0.0249,0.0097,0.0531
75-20-6-q,0,0.4824,2.4170,0.1118,NA,0.0249,0.0101,2.2356
75-20-7-q,0,0.7336,NA,2.5880,NA,0.0256,0.0097,2.4377
75-20-8-q,0,1.2884,27.2020,1.2406,NA,0.0252,0.0095,NA
75-20-9-q,0,0.3080,3.2437,0.1316,NA,0.0249,0.0081,0.0856
75-21-1-q,0,0.3245,12.4755,0.4633,NA,0.0285,0.0105,1.9004
75-21-10-q,0,0.6845,48.1919,1.9964,NA,0.0285,0.0111,NA
75-21-2-q,0,0.3946,5.0851,0.2235,NA,0.0284,0.0099,1.1790
75-21-3-q,0,0.8455,10.9646,0.4022,NA,0.0287,0.0098,NA
75-21-4-q,0,0.3765,12.4325,0.4303,NA,0.0284,0.0092,1.0114
75-21-5-q,0,0.2278,27.6454,1.0847,NA,0.0284,0.0095,NA
75-21-6-q,0,3.1594,23.8957,0.9513,NA,0.0287,0.0113,NA
75-21-7-q,0,2.6730,7.5255,0.2673,NA,0.0287,0.0099,NA
75-21-8-q,0,0.8288,NA,4.2423,NA,0.0283,0.0096,NA
75-21-9-q,0,0.0285,NA,0.0287,NA,NA,0.0062,NA
75-22-1-q,0,0.7731,38.8465,1.6319,NA,0.0324,0.0100,NA
75-22-10-q,0,0.4490,14.0153,0.5041,NA,0.0322,0.0100,NA
75-22-2-q,0,1.5070,56.0974,2.0907,NA,0.0328,0.0109,NA
75-22-3-q,0,0.5213,21.1947,0.9185,NA,0.0324,0.0093,NA
75-22-4-q,0,2.7662,NA,6.4404,NA,0.0326,0.0105,NA
75-22-5-q,0,0.2208,60.4427,2.2677,NA,0.0324,0.0112,NA
75-22-6-q,0,4.1936,15.1448,0.6095,NA,0.0322,0.0144,NA
75-22-7-q,0,NA,NA,NA,NA,NA,NA,NA
75-22-8-q,0,1.4828,39.9678,1.6190,NA,0.0322,0.0106,NA
75-22-9-q,0,0.9139,NA,4.0060,NA,0.0325,0.0100,NA
75-23-1-q,0,0.2636,NA,7.5715,NA,0.0371,0.0114,NA
75-23-10-q,0,0.9274,42.1664,2.0296,NA,0.0368,0.0113,1.1930
75-23-2-q,0,2.2383,NA,3.0072,NA,0.0365,0.0101,NA
75-23-3-q,0,1.1616,NA,3.0248,NA,0.0371,0.0130,NA
75-23-4-q,0,3.6808,NA,4.1215,NA,0.0374,0.0163,NA
75-23-5-q,0,0.6835,NA,NA,NA,0.0367,0.0126,NA
75-23-6-q,0,3.2318,36.7295,1.6970,NA,0.0368,0.0118,NA
75-23-7-q,0,1.1803,NA,5.8984,NA,0.0368,0.0104,NA
75-23-8-q,0,2.5944,29.5594,1.2344,NA,0.0366,0.0097,NA
75-23-9-q,0,NA,NA,NA,NA,NA,NA,NA
75-24-1-q,0,1.1895,NA,6.1189,NA,0.0425,0.0111,NA
75-24-10-q,0,6.3456,20.2844,0.9689,NA,0.0421,0.0108,NA
75-24-2-q,0,0.0289,NA,0.0292,NA,NA,0.0065,NA
75-24-3-q,0,NA,NA,NA,NA,NA,NA,NA
75-24-4-q,0,0.5604,9.8411,0.3942,NA,0.0418,0.0118,NA
75-24-5-q,0,7.6706,64.5269,2.6554,NA,0.0417,0.0107,NA
75-24-6-q,0,4.6213,NA,4.5746,NA,0.0545,0.0124,NA
75-24-7-q,0,3.4552,17.3834,0.7334,NA,0.0417,0.0117,NA
75-24-8-q,0,0.5266,23.6774,1.0936,NA,0.0418,0.0103,NA
75-24-9-q,0,NA,NA,NA,NA,NA,NA,NA
75-25-1-q,0,0.7258,53.3923,2.0076,NA,0.0476,0.0109,NA
75-25-10-q,0,NA,NA,NA,NA,NA,NA,NA
75-25-2-q,0,1.8424,NA,5.6945,NA,0.0481,0.0145,NA
75-25-3-q,0,4.3196,NA,8.1801,NA,0.0479,0.0134,NA
75-25-4-q,0,NA,NA,NA,NA,NA,NA,NA
75-25-5-q,0,NA,NA,NA,NA,NA,NA,NA
75-25-6-q,0,9.6267,58.2919,2.0693,NA,0.0524,0.0116,NA
75-25-7-q,0,NA,NA,NA,NA,NA,NA,NA
75-25-8-q,0,NA,NA,NA,NA,NA,NA,NA
75-25-9-q,0,NA,NA,NA,NA,NA,NA,NA
75-26-1-q,0,NA,NA,NA,NA,NA,NA,NA
75-26-10-q,0,2.2644,27.8377,0.9871,NA,0.0543,0.0150,NA
75-26-2-q,0,11.8435,NA,4.6821,NA,0.0540,0.0113,NA
75-26-3-q,0,NA,NA,NA,NA,NA,NA,NA
75-26-4-q,0,1.8178,16.6545,0.7074,NA,0.0538,0.0110,NA
75-26-5-q,0,NA,NA,NA,NA,NA,NA,NA
75-26-6-q,0,NA,NA,NA,NA,NA,NA,NA
75-26-7-q,0,0.7180,36.4843,1.4484,NA,0.0542,0.0112,NA
75-26-8-q,0,NA,NA,NA,NA,NA,NA,NA
75-26-9-q,0,3.8827,NA,5.5580,NA,0.0549,0.0160,NA
7z,1,0.0277,0.0278,0.0282,0.0044,0.0147,0.0051,0.0094
90-10-1-q,0,0.0281,0.0283,0.0285,NA,0.0151,0.0054,0.0099
90-10-10-q,0,0.0279,0.0282,0.0282,NA,0.0152,0.0054,0.0097
90-10-2-q,0,0.0278,NA,0.0281,NA,NA,0.0053,NA
90-10-3-q,0,0.0282,0.0283,0.0284,NA,0.0152,0.0054,0.0100
90-10-4-q,0,0.0281,0.0282,0.0284,NA,0.0153,0.0053,0.0097
90-10-5-q,0,0.0279,0.0282,0.0283,NA,0.0151,0.0052,0.0098
90-10-6-q,0,0.0279,NA,0.0282,NA,NA,0.0053,NA
90-10-7-q,0,0.0280,0.0282,0.0285,NA,0.0153,0.0053,0.0098
90-10-8-q,0,0.0279,NA,0.0281,NA,NA,0.0053,NA
90-10-9-q,0,0.0280,0.0281,0.0286,NA,0.0152,0.0054,0.0099
90-12-1-q,0,0.0281,0.0285,0.0286,NA,0.0170,0.0055,0.0106
90-12-10-q,0,0.0283,0.0283,0.0286,NA,0.0171,0.0055,0.0100
90-12-2-q,0,0.0282,0.0284,0.0285,NA,0.0170,0.0055,0.0100
90-12-3-q,0,0.0282,0.0284,0.0287,NA,0.0170,0.0055,0.0108
90-12-4-q,0,0.0281,0.0283,0.0285,NA,0.0163,0.0055,0.0100
90-12-5-q,0,0.0282,0.0284,0.0287,NA,0.0163,0.0054,0.0099
90-12-6-q,0,0.0283,0.0283,0.0285,NA,0.0163,0.0054,0.0101
90-12-7-q,0,0.0283,0.0284,0.0286,NA,0.0163,0.0057,0.0124
90-12-8-q,0,0.0283,0.0285,0.0287,NA,0.0163,0.0056,0.0120
90-12-9-q,0,0.0280,NA,0.0282,NA,NA,0.0055,NA
90-14-1-q,0,0.0284,0.0286,0.0290,NA,0.0177,0.0057,0.0102
90-14-10-q,0,0.0285,0.0290,0.0292,NA,0.0179,0.0062,0.0116
90-14-2-q,0,0.0283,0.0285,0.0289,NA,0.0177,0.0056,0.0103
90-14-3-q,0,0.0284,0.0285,0.0288,NA,0.0184,0.0055,0.0106
90-14-4-q,0,0.0280,NA,0.0283,NA,NA,0.0055,NA
90-14-5-q,0,0.0286,0.0407,0.0298,NA,0.0186,0.0058,0.0128
90-14-6-q,0,0.0284,0.0285,0.0289,NA,0.0177,0.0056,0.0107
90-14-7-q,0,0.0285,0.0286,0.0288,NA,0.0177,0.0057,0.0104
90-14-8-q,0,0.0284,0.0287,0.0290,NA,0.0179,0.0056,0.0111
90-14-9-q,0,0.0283,0.0285,0.0288,NA,0.0176,0.0056,0.0104
90-15-1-q,0,0.0285,0.0287,0.0289,NA,0.0151,0.0058,0.0114
90-15-10-q,0,0.0284,0.0287,0.0292,NA,0.0153,0.0058,0.0109
90-15-2-q,0,0.0290,0.0889,0.0308,NA,0.0192,0.0059,0.0135
90-15-3-q,0,0.0286,0.0290,0.0297,NA,0.0190,0.0061,0.0117
90-15-4-q,0,0.0285,0.0287,0.0290,NA,0.0153,0.0057,0.0106
90-15-5-q,0,0.0284,0.0287,0.0289,NA,0.0152,0.0058,0.0107
90-15-6-q,0,0.0286,0.0287,0.0289,NA,0.0158,0.0058,0.0114
90-15-7-q,0,0.0286,0.0287,0.0291,NA,0.0152,0.0057,0.0104
90-15-8-q,0,0.0285,0.0287,0.0289,NA,0.0190,0.0058,0.0111
90-15-9-q,0,0.0281,NA,0.0284,NA,NA,0.0056,NA
90-16-1-q,0,0.0288,0.0611,0.0308,NA,0.0203,0.0062,0.0144
90-16-10-q,0,0.0286,0.0289,0.0291,NA,0.0154,0.0059,0.0129
90-16-2-q,0,0.0285,0.0288,0.0292,NA,0.0155,0.0058,0.0104
90-16-3-q,0,0.0285,0.0290,0.0291,NA,0.0153,0.0060,0.0107
90-16-4-q,0,0.0286,0.0292,0.0297,NA,0.0162,0.0059,0.0117
90-16-5-q,0,0.0286,0.0289,0.0292,NA,0.0157,0.0059,0.0106
90-16-6-q,0,0.0285,0.0289,0.0291,NA,0.0154,0.0062,0.0115
90-16-7-q,0,0.0288,0.0291,0.0293,NA,0.0159,0.0060,0.0135
90-16-8-q,0,0.0282,NA,0.0285,NA,NA,0.0057,NA
90-16-9-q,0,0.0285,0.0290,0.0291,NA,0.0156,0.0063,0.0118
90-17-1-q,0,0.0285,0.0290,0.0292,NA,0.0169,0.0060,0.0113
90-17-10-q,0,0.0287,0.0289,0.0291,NA,0.0168,0.0058,0.0106
90-17-2-q,0,0.0282,NA,0.0285,NA,NA,0.0057,NA
90-17-3-q,0,0.0286,0.0400,0.0298,NA,0.0169,0.0062,0.0131
90-17-4-q,0,0.0289,0.0497,0.0299,NA,0.0171,0.0063,0.0235
90-17-5-q,0,0.0287,0.0289,0.0291,NA,0.0169,0.0060,0.0112
90-17-6-q,0,0.0287,0.0400,0.0297,NA,0.0171,0.0063,0.0127
90-17-7-q,0,0.0281,NA,0.0285,NA,NA,0.0057,NA
90-17-8-q,0,0.0287,0.0289,0.0292,NA,0.0169,0.0062,0.0111
90-17-9-q,0,0.0287,0.0292,0.0294,NA,0.0169,0.0063,0.0122
90-18-1-q,0,0.0289,0.0423,0.0300,NA,0.0190,0.0064,0.0143
90-18-10-q,0,0.0289,0.0294,0.0296,NA,0.0189,0.0062,0.0163
90-18-2-q,0,0.0288,0.0291,0.0295,NA,0.0189,0.0061,0.0124
90-18-3-q,0,0.0289,0.0292,0.0292,NA,0.0188,0.0062,0.0155
90-18-4-q,0,0.0288,0.0291,0.0294,NA,0.0189,0.0061,0.0113
90-18-5-q,0,0.0290,0.0739,0.0308,NA,0.0191,0.0063,0.0129
90-18-6-q,0,0.0288,0.0293,0.0297,NA,0.0190,0.0063,0.0125
90-18-7-q,0,0.0288,0.0295,0.0295,NA,0.0190,0.0061,0.0189
90-18-8-q,0,0.0289,0.0293,0.0294,NA,0.0190,0.0061,0.0125
90-18-9-q,0,0.0289,0.0293,0.0293,NA,0.0191,0.0061,0.0143
90-19-1-q,0,0.0292,0.0613,0.0306,NA,0.0215,0.0063,0.0440
90-19-10-q,0,0.0292,0.0671,0.0307,NA,0.0212,0.0065,0.0180
90-19-2-q,0,0.0290,0.0296,0.0295,NA,0.0216,0.0064,0.0138
90-19-3-q,0,0.0286,NA,0.0286,NA,NA,0.0059,NA
90-19-4-q,0,0.0288,0.0294,0.0297,NA,0.0210,0.0060,0.0107
90-19-5-q,0,0.0283,NA,0.0286,NA,NA,0.0059,NA
90-19-6-q,0,0.0290,0.0328,0.0300,NA,0.0215,0.0065,0.0155
90-19-7-q,0,0.0290,0.0457,0.0305,NA,0.0212,0.0067,0.0182
90-19-8-q,0,0.0290,0.0293,0.0294,NA,0.0213,0.0065,0.0173
90-19-9-q,0,0.0284,NA,0.0286,NA,NA,0.0059,NA
90-20-1-q,0,0.0289,0.0297,0.0298,NA,0.0241,0.0064,0.0145
90-20-10-q,0,0.0289,0.0524,0.0306,NA,0.0241,0.0065,0.0122
90-20-2-q,0,0.0293,0.0657,0.0310,NA,0.0241,0.0067,0.0275
90-20-3-q,0,0.0291,0.0299,0.0300,NA,0.0242,0.0065,0.0149
90-20-4-q,0,0.0290,0.0293,0.0294,NA,0.0242,0.0065,0.0125
90-20-5-q,0,0.0292,0.0438,0.0306,NA,0.0241,0.0066,0.0232
90-20-6-q,0,0.0288,0.0293,0.0296,NA,0.0242,0.0063,0.0115
90-20-7-q,0,0.0292,0.1824,0.0350,NA,0.0241,0.0067,0.0190
90-20-8-q,0,0.0291,0.0306,0.0301,NA,0.0240,0.0062,0.0151
90-20-9-q,0,0.0290,0.0540,0.0306,NA,0.0242,0.0062,0.0131
90-21-1-q,0,0.0291,0.0301,0.0300,NA,0.0273,0.0067,0.0157
90-21-10-q,0,0.0395,0.1812,0.0364,NA,0.0272,0.0070,0.1614
90-21-2-q,0,0.0294,0.0808,0.0316,NA,0.0276,0.0070,0.0701
90-21-3-q,0,0.0292,0.0431,0.0306,NA,0.0273,0.0063,0.0132
90-21-4-q,0,0.0285,NA,0.0288,NA,NA,0.0061,NA
90-21-5-q,0,0.0292,0.0300,0.0300,NA,0.0274,0.0069,0.0165
90-21-6-q,0,0.0285,NA,0.0287,NA,NA,0.0061,NA
90-21-7-q,0,0.0292,0.0675,0.0315,NA,0.0272,0.0067,0.0227
90-21-8-q,0,0.0285,NA,0.0287,NA,NA,0.0061,NA
90-21-9-q,0,0.0295,0.0528,0.0308,NA,0.0275,0.0067,0.0163
90-22-1-q,0,0.0294,0.0473,0.0308,NA,0.0311,0.0067,0.0182
90-22-10-q,0,0.0295,0.0435,0.0308,NA,0.0312,0.0070,0.0357
90-22-2-q,0,0.0335,0.1402,0.0345,NA,0.0313,0.0072,0.1411
90-22-3-q,0,0.0294,0.0314,0.0303,NA,0.0311,0.0073,0.0192
90-22-4-q,0,0.0294,0.0300,0.0305,NA,0.0311,0.0068,0.0178
90-22-5-q,0,0.0296,0.2769,0.0393,NA,0.0311,0.0077,0.0741
90-22-6-q,0,0.0293,0.0361,0.0306,NA,0.0312,0.0071,0.0158
90-22-7-q,0,0.0298,0.0313,0.0304,NA,0.0312,0.0072,0.0166
90-22-8-q,0,0.0285,NA,0.0288,NA,NA,0.0061,NA
90-22-9-q,0,0.0293,0.1200,0.0334,NA,0.0311,0.0066,0.0448
90-23-1-q,0,0.0304,0.3803,0.0429,NA,0.0353,0.0075,0.0259
90-23-10-q,0,0.0294,0.0432,0.0308,NA,0.0373,0.0071,0.0280
90-23-2-q,0,0.0925,4.5031,0.2011,NA,0.0358,0.0079,0.2297
90-23-3-q,0,0.0295,0.0309,0.0306,NA,0.0352,0.0067,0.0161
90-23-4-q,0,0.0293,0.0300,0.0302,NA,0.0353,0.0065,0.0118
90-23-5-q,0,0.0297,0.0594,0.0320,NA,0.0355,0.0076,0.0199
90-23-6-q,0,0.0295,0.0301,0.0303,NA,0.0353,0.0068,0.0220
90-23-7-q,0,0.0296,0.0943,0.0332,NA,0.0352,0.0072,0.0467
90-23-8-q,0,0.0295,0.0795,0.0323,NA,0.0375,0.0071,0.0158
90-23-9-q,0,0.0289,NA,0.0290,NA,NA,0.0063,NA
90-24-1-q,0,0.0289,NA,0.0291,NA,NA,0.0064,NA
90-24-10-q,0,0.0337,0.0634,0.0320,NA,0.0403,0.0070,0.0211
90-24-2-q,0,0.0295,0.0302,0.0307,NA,0.0402,0.0071,0.0123
90-24-3-q,0,0.0301,0.0446,0.0310,NA,0.0401,0.0072,0.0211
90-24-4-q,0,0.0300,0.0703,0.0322,NA,0.0401,0.0073,0.0768
90-24-5-q,0,0.0317,0.0314,0.0308,NA,0.0403,0.0072,0.0368
90-24-6-q,0,0.0291,NA,0.0292,NA,NA,0.0064,NA
90-24-7-q,0,0.0340,0.0857,0.0324,NA,0.0405,0.0077,0.0577
90-24-8-q,0,0.0296,0.0474,0.0318,NA,0.0401,0.0072,0.0218
90-24-9-q,0,0.0298,0.0859,0.0326,NA,0.0400,0.0069,0.0268
90-25-1-q,0,0.0299,0.0461,0.0314,NA,0.0456,0.0076,0.0434
90-25-10-q,0,0.0318,0.1811,0.0361,NA,0.0458,0.0077,0.0395
90-25-2-q,0,0.0296,0.0438,0.0314,NA,0.0455,0.0073,0.0351
90-25-3-q,0,0.0306,0.0601,0.0315,NA,0.0461,0.0081,0.0831
90-25-4-q,0,0.0579,0.2150,0.0374,NA,0.0458,0.0078,0.0828
90-25-5-q,0,0.0301,0.2018,0.0378,NA,0.0459,0.0083,0.0597
90-25-6-q,0,0.0404,0.4881,0.0462,NA,0.0455,0.0078,0.1911
90-25-7-q,0,0.0544,0.6648,0.0539,NA,0.0461,0.0089,0.1792
90-25-8-q,0,0.0483,0.5020,0.0491,NA,0.0458,0.0085,0.1729
90-25-9-q,0,0.0449,1.2912,0.0722,NA,0.0460,0.0093,0.2494
90-26-1-q,0,0.0290,NA,0.0292,NA,NA,0.0065,NA
90-26-10-q,0,0.0370,0.6339,0.0574,NA,0.0519,0.0079,0.1581
90-26-2-q,0,0.0290,NA,0.0293,NA,NA,0.0065,NA
90-26-3-q,0,0.0522,0.3298,0.0413,NA,0.0518,0.0080,0.0487
90-26-4-q,0,0.0317,0.0930,0.0333,NA,0.0522,0.0083,0.0444
90-26-5-q,0,0.0370,0.1447,0.0343,NA,0.0519,0.0083,0.0312
90-26-6-q,0,0.1332,3.0208,0.1633,NA,0.0519,0.0087,0.1252
90-26-7-q,0,0.0291,NA,0.0294,NA,NA,0.0065,NA
90-26-8-q,0,0.1350,11.8715,0.4962,NA,0.0522,0.0095,0.2615
90-26-9-q,0,0.0290,NA,0.0293,NA,NA,0.0066,NA
90-30-1-q,0,0.1950,1.9190,0.1095,NA,0.0848,0.0100,0.2350
90-30-10-q,0,0.0563,1.0564,0.0761,NA,0.0852,0.0098,0.1485
90-30-2-q,0,0.0733,0.5821,0.0539,NA,0.0851,0.0096,0.1368
90-30-3-q,0,0.0708,1.9170,0.1132,NA,0.0851,0.0092,0.1868
90-30-4-q,0,0.0523,0.2442,0.0417,NA,0.0850,0.0091,0.1518
90-30-5-q,0,0.0830,0.6093,0.0532,NA,0.0855,0.0100,0.1098
90-30-6-q,0,0.0907,0.2371,0.0396,NA,0.0851,0.0092,0.1768
90-30-7-q,0,0.0963,0.3016,0.0436,NA,0.0852,0.0099,0.1179
90-30-8-q,0,0.1082,3.5555,0.1841,NA,0.0852,0.0098,0.4368
90-30-9-q,0,0.0857,0.2238,0.0397,NA,0.0849,0.0097,0.1393
90-34-1-q,0,1.1474,7.0881,0.3768,NA,0.1345,0.0120,0.0720
90-34-10-q,0,0.2078,3.6529,0.1771,NA,0.1344,0.0134,0.0477
90-34-2-q,0,0.0947,1.1588,0.0830,NA,0.1342,0.0115,0.1018
90-34-3-q,0,0.7071,3.5129,0.1641,NA,0.1340,0.0117,0.3180
90-34-4-q,0,0.0718,9.9836,0.4978,NA,0.1341,0.0135,1.7826
90-34-5-q,0,0.1000,0.2515,0.0418,NA,0.1337,0.0112,0.0868
90-34-6-q,0,0.0712,0.2680,0.0416,NA,0.1338,0.0117,0.1570
90-34-7-q,0,0.9038,NA,3.2950,NA,0.1341,0.0123,0.3007
90-34-8-q,0,0.0298,NA,0.0303,NA,NA,0.0073,NA
90-34-9-q,0,0.0791,0.3050,0.0438,NA,0.1345,0.0120,0.2613
90-38-1-q,0,0.7336,48.9218,2.2205,NA,0.2040,0.0158,NA
90-38-10-q,0,1.0443,67.6157,2.5008,NA,0.2049,0.0153,NA
90-38-2-q,0,0.2753,4.4101,0.2006,NA,0.2042,0.0142,1.1036
90-38-3-q,0,0.1035,27.1885,1.1425,NA,0.2045,0.0147,0.0529
90-38-4-q,0,0.0667,1.2230,0.0818,NA,0.2037,0.0131,0.1193
90-38-5-q,0,0.1419,2.0643,0.1236,NA,0.2042,0.0144,0.1920
90-38-6-q,0,0.1666,38.1518,1.8470,NA,0.2043,0.0148,0.1395
90-38-7-q,0,1.1055,NA,6.4501,NA,0.2050,0.0161,NA
90-38-8-q,0,0.2349,0.8769,0.0730,NA,0.2045,0.0141,0.8713
90-38-9-q,0,0.2136,2.0929,0.1188,NA,0.2028,0.0126,0.1818
90-42-1-q,0,10.6298,49.9276,2.5245,NA,0.3018,0.0201,NA
90-42-10-q,0,2.0800,56.8550,3.0081,NA,0.3016,0.0202,NA
90-42-2-q,0,0.7968,5.9322,0.3072,NA,0.2990,0.0171,0.0458
90-42-3-q,0,0.5682,NA,4.6332,NA,0.3024,0.0203,NA
90-42-4-q,0,3.6698,32.5122,1.4394,NA,0.3012,0.0195,NA
90-42-5-q,0,0.1698,39.1039,2.0897,NA,0.3005,0.0174,NA
90-42-6-q,0,1.3078,53.3725,2.6748,NA,0.3015,0.0193,NA
90-42-7-q,0,0.9611,NA,5.7871,NA,0.3017,0.0200,NA
90-42-8-q,0,7.6233,NA,6.7845,NA,0.3009,0.0177,NA
90-42-9-q,0,NA,NA,NA,NA,NA,NA,NA
90-46-1-q,0,2.0412,41.9425,2.3507,NA,0.0343,0.0242,NA
90-46-10-q,0,0.0561,NA,0.0318,NA,NA,0.0093,NA
90-46-2-q,0,1.4592,5.8369,0.2888,NA,0.0342,0.0275,NA
90-46-3-q,0,0.5252,38.2282,1.8730,NA,0.0343,0.0254,NA
90-46-4-q,0,NA,NA,NA,NA,NA,NA,NA
90-46-5-q,0,NA,NA,NA,NA,NA,NA,NA
90-46-6-q,0,NA,NA,NA,NA,NA,NA,NA
90-46-7-q,0,NA,NA,NA,NA,NA,NA,NA
90-46-8-q,0,NA,NA,NA,NA,NA,NA,NA
90-46-9-q,0,0.7332,18.5821,0.9956,NA,0.0342,0.0204,1.2348
90-50-1-q,0,NA,NA,NA,NA,NA,NA,NA
90-50-10-q,0,1.6823,26.6091,1.2876,NA,0.0511,0.0344,NA
90-50-2-q,0,0.0766,NA,0.0326,NA,NA,0.0100,NA
90-50-3-q,0,0.2777,9.8961,0.4775,NA,0.0353,0.0291,NA
90-50-4-q,0,0.9763,NA,3.6258,NA,0.0351,0.0262,NA
90-50-5-q,0,NA,NA,NA,NA,NA,NA,NA
90-50-6-q,0,1.7505,NA,4.3577,NA,0.0509,0.0275,NA
90-50-7-q,0,0.0778,NA,0.0326,NA,NA,0.0102,NA
90-50-8-q,0,1.1380,NA,2.9561,NA,0.0352,0.0264,NA
90-50-9-q,0,NA,NA,NA,NA,NA,NA,NA
BerkeleyDBC,1,0.0277,0.0277,0.0281,0.0043,0.0101,0.0052,0.0094
C129_FR,0,0.4516,3.7023,0.2256,31.8803,0.1091,0.0114,1.6359
C140_FC,0,0.5499,10.6345,0.5383,2.1763,0.0504,0.0092,0.2138
C140_FV,0,0.4035,16.0220,0.7227,31.6957,0.0662,0.0100,0.2680
C140_FW,0,0.4456,1.4555,0.1560,NA,0.0311,0.0094,0.2700
C163_FW,0,0.2910,3.6206,0.2210,NA,0.0268,0.0091,0.1164
C168_FW,0,3.2037,9.9968,0.6155,NA,0.0274,0.0109,1.6048
C169_FV,0,0.0285,0.0286,0.0290,0.0065,0.0170,0.0055,0.0099
C169_FW,0,0.0286,0.0287,0.0289,0.0074,0.0171,0.0055,0.0100
C170_FR,0,1.5683,12.3801,0.8212,NA,0.1223,0.0150,0.0167
C171_FR,0,0.0927,0.3759,0.0399,NA,0.0224,0.0082,0.0622
C202_FS,0,10.5416,NA,4.7358,NA,0.0499,0.0126,NA
C202_FW,0,18.5726,NA,4.9849,NA,NA,0.0128,NA
C203_FCL,0,0.3865,7.2658,0.3211,NA,0.0309,0.0091,0.1927
C203_FS,0,0.6501,9.1003,0.4408,NA,0.0295,0.0102,0.1330
C203_FW,0,1.0483,18.0318,0.8331,30.2916,0.0400,0.0100,0.0309
C208_FA,0,1.9303,7.5760,0.4234,0.2436,0.0621,0.0100,0.8138
C208_FC,0,2.1521,16.6250,1.0352,NA,0.0372,0.0103,3.0818
C209_FA,0,0.0937,0.4157,0.0434,NA,0.0264,0.0085,0.0694
C209_FC,0,0.1396,0.6299,0.0519,NA,0.0265,0.0087,0.2514
C210_FS,0,22.1758,NA,4.1264,NA,NA,0.0109,NA
C210_FVF,0,0.0839,1.0075,0.0740,NA,0.0273,0.0087,0.0733
C210_FW,0,23.2894,NA,6.0672,NA,0.0297,0.0123,NA
C211_FS,0,0.0290,0.0294,0.0297,NA,0.0205,0.0068,0.0114
C211_FW,0,0.0636,3.9176,0.2131,NA,0.0252,0.0075,0.1441
C215_FC,0,0.4784,2.7058,0.1702,4.4367,0.0313,0.0100,0.2369
C220_FV,0,1.7642,26.3380,1.3644,28.6969,0.0391,0.0110,0.1715
C220_FW,0,3.4706,9.4615,0.4485,NA,0.0486,0.0110,3.3562
C230_FR,0,0.1628,1.3023,0.0759,NA,0.0313,0.0090,0.1167
C250_FV,0,0.0287,0.0290,0.0291,0.0087,0.0177,0.0058,0.0102
C250_FW,0,0.0288,0.0288,0.0290,NA,0.0179,0.0058,0.0102
C638_FKA,0,0.0396,0.5388,0.0500,NA,0.0411,0.0088,0.0612
C638_FKB,0,0.0309,0.0472,0.0309,NA,0.0405,0.0085,0.0226
C638_FVK,0,0.0298,0.0299,0.0301,0.0340,0.0403,0.0088,0.0134
D1119_M20,0,0.0286,0.0288,0.0289,NA,0.0171,0.0055,0.0101
D1119_M23,0,0.0286,0.0287,0.0290,NA,0.0170,0.0056,0.0101
Dune,1,0.0276,0.0277,0.0282,0.0042,0.0131,0.0052,0.0094
HiPAcc,1,0.0279,0.0279,0.0282,0.0045,0.0138,0.0051,0.0094
JHipster,1,0.0277,0.0279,0.0281,0.0044,0.0139,0.0087,0.0094
JavaGC,1,0.0278,0.0279,0.0279,0.0044,0.0140,0.0051,0.0094
LLVM,1,0.0275,0.0277,0.0279,NA,0.0098,0.0051,0.0094
Polly,1,0.0277,0.0278,0.0280,0.0042,0.0107,0.0051,0.0094
VP9,1,0.0278,0.0279,0.0279,0.0043,0.0107,0.0051,0.0094
X264,1,0.0277,0.0277,0.0279,NA,0.0100,0.0092,0.0094
XSEngine,1,0.0703,0.1831,0.0321,2.4599,0.0185,0.0109,0.0112
aaed2000,1,0.0761,0.4245,0.0446,NA,0.0218,0.0139,0.0515
adder,1,0.0996,0.4247,0.0364,1.6233,0.0184,0.0126,0.0137
adderII,1,0.1210,0.3944,0.0357,1.5619,0.0184,0.0109,0.0135
aeb,1,0.0735,0.2619,0.0333,1.5410,0.0195,0.0109,0.0138
aim711,1,0.0685,0.2323,0.0331,1.5409,0.0164,0.0115,0.0136
ais10,0,0.0319,0.0326,0.0325,NA,0.0216,0.0187,0.2294
ais12,0,0.0512,0.1287,0.0517,NA,0.0189,0.0142,0.0721
ais6,0,0.0280,0.0281,0.0284,NA,0.0133,0.0089,0.0100
ais8,0,0.0286,0.0289,0.0291,0.0071,0.0223,0.0062,0.0169
aki3068net,1,0.0770,0.2456,0.0336,NA,0.0195,0.0109,0.0158
alu2_gr_rcs_w8.shuffled,0,NA,NA,NA,NA,NA,NA,NA
am31_sim,1,0.0301,0.0627,0.0300,0.4978,0.0192,0.0092,0.0205
anomaly,0,0.0277,0.0278,0.0281,0.0041,0.0099,0.0053,0.0097
asb,1,0.0606,0.2005,0.0325,1.5494,0.0165,0.0118,0.0620
asb2305,1,0.0867,0.2771,0.0350,NA,0.0183,0.0115,0.0156
assabet,1,0.0783,0.2591,0.0341,1.2981,0.0172,0.0105,0.0272
at91sam7sek,1,0.1003,0.2853,0.0348,NA,0.0192,0.0114,0.0247
at91sam7xek,1,0.1050,0.3832,0.0359,1.3614,0.0194,0.0128,0.0235
atlas_mips32_4kc,1,0.0679,0.2458,0.0328,NA,0.0183,0.0111,0.0110
atlas_mips64_5kc,1,0.0849,0.2810,0.0339,1.7965,0.0193,0.0110,0.0133
automotive01,1,0.0329,0.0329,0.0332,0.0318,0.0375,0.0309,0.0168
automotive2_4,1,0.2971,0.1405,0.1290,NA,NA,NA,0.1590
axTLS,1,0.0286,0.0288,0.0290,0.0099,0.0174,0.0063,0.0100
axtls_2_1_4,1,0.0279,0.0279,0.0282,0.0045,0.0146,0.0052,0.0097
berkeleydb,1,0.0279,0.0278,0.0281,0.0045,0.0140,0.0051,0.0094
binsearch.16,0,32.6853,NA,3.2240,NA,0.0271,0.0152,NA
binsearch.16.pp,0,0.0292,0.0295,0.0297,NA,0.0150,0.0061,0.2254
binsearch.32,0,NA,NA,NA,NA,NA,NA,NA
binsearch.32.pp,0,0.0291,0.0294,0.0297,NA,0.0150,0.0061,0.1243
blockmap_05_01.net,0,0.0291,0.0292,0.0294,0.0071,0.0182,0.0106,0.0103
blockmap_05_02.net,0,0.0296,0.0298,0.0299,0.0120,0.0225,0.0121,0.0105
blockmap_05_03.net,0,0.0300,0.0300,0.0303,NA,0.0285,0.0146,0.0108
blockmap_10_01.net,0,0.0518,0.0397,0.0396,0.0395,0.0911,0.2661,0.0149
blockmap_10_02.net,0,0.0749,0.0673,0.0415,0.0719,0.0761,0.3283,0.0162
blockmap_10_03.net,0,0.1230,0.1004,0.0447,NA,0.0708,0.4655,0.0203
blockmap_15_01.net,0,0.2806,0.0950,0.0608,0.1905,0.0758,0.6241,0.0216
blockmap_15_02.net,0,0.4110,0.1926,0.0680,0.2033,0.1078,0.0289,0.0284
blockmap_15_03.net,0,0.5539,0.3665,0.0820,NA,0.0779,NA,0.0411
blockmap_20_01.net,0,1.3893,0.2211,0.1084,NA,0.1259,0.0587,0.0432
blockmap_20_02.net,0,1.7805,0.6549,0.1387,0.7786,NA,NA,NA
blockmap_20_03.net,0,1.9824,1.6539,0.2045,2.4591,NA,NA,NA
blockmap_22_01.net,0,2.5650,NA,0.1373,0.4793,NA,0.1240,NA
blockmap_22_02.net,0,2.6238,NA,0.1882,NA,NA,0.1308,NA
blockmap_22_03.net,0,3.7263,NA,0.3259,4.9039,NA,0.0565,NA
blocks_right_2_p_t1,0,0.0280,0.0281,0.0283,0.0046,0.0140,0.0054,0.0097
blocks_right_2_p_t10,0,0.0539,0.0770,0.0329,NA,0.0191,0.0087,0.0589
blocks_right_2_p_t2,0,0.0283,0.0283,0.0284,NA,0.0144,0.0056,0.0101
blocks_right_2_p_t3,0,0.0285,0.0286,0.0288,NA,0.0147,0.0057,0.0100
blocks_right_2_p_t4,0,0.0289,0.0289,0.0291,0.0149,0.0151,0.0060,0.0128
blocks_right_2_p_t5,0,0.0290,0.0293,0.0296,NA,0.0161,0.0067,0.0179
blocks_right_2_p_t6,0,0.0299,0.0296,0.0302,NA,0.0162,0.0070,0.0239
blocks_right_2_p_t7,0,0.0299,0.0306,0.0305,0.0513,0.0168,0.0070,0.0304
blocks_right_2_p_t8,0,0.0304,0.0314,0.0308,0.0455,0.0166,0.0067,0.0200
blocks_right_2_p_t9,0,0.0320,0.0433,0.0316,0.0518,0.0176,0.0077,0.0932
blocks_right_3_p_t1,0,0.0283,0.0284,0.0286,NA,0.0143,0.0056,0.0102
blocks_right_3_p_t10,0,8.4828,13.8938,0.8513,31.9721,0.0319,0.0126,0.1354
blocks_right_3_p_t2,0,0.0291,0.0293,0.0296,NA,0.0156,0.0065,0.0292
blocks_right_3_p_t3,0,0.0384,0.0541,0.0313,NA,0.0168,0.0073,0.1960
blocks_right_3_p_t4,0,0.0811,0.1197,0.0347,NA,0.0178,0.0081,0.0188
blocks_right_3_p_t5,0,0.1650,0.2916,0.0430,NA,0.0195,0.0088,0.0340
blocks_right_3_p_t6,0,0.5513,0.8975,0.0708,1.4390,0.0203,0.0102,0.0114
blocks_right_3_p_t7,0,0.9686,1.8238,0.1162,NA,0.0186,0.0098,0.1789
blocks_right_3_p_t8,0,1.4055,2.3259,0.1466,NA,0.0260,0.0129,0.0220
blocks_right_3_p_t9,0,2.7683,6.0128,0.3715,NA,0.0298,0.0146,NA
blocks_right_4_p_t1,0,0.0295,0.0321,0.0301,NA,0.0157,0.0064,0.0227
blocks_right_4_p_t10,0,NA,NA,NA,NA,NA,NA,NA
blocks_right_4_p_t2,0,0.1466,0.1935,0.0372,NA,0.0195,0.0079,0.0524
blocks_right_4_p_t3,0,0.4772,1.1936,0.0853,1.0248,0.0233,0.0103,0.0460
blocks_right_4_p_t4,0,1.3528,2.1518,0.1355,NA,0.0228,0.0088,0.2176
blocks_right_4_p_t5,0,3.8460,11.2604,0.6668,NA,0.0183,0.0154,0.0264
blocks_right_4_p_t6,0,27.8558,43.3373,2.8644,NA,0.0488,0.0185,NA
blocks_right_4_p_t7,0,NA,NA,NA,NA,NA,NA,NA
blocks_right_4_p_t8,0,NA,NA,NA,NA,NA,NA,NA
blocks_right_4_p_t9,0,NA,NA,NA,NA,NA,NA,NA
blocks_right_5_p_t1,0,0.2424,0.3620,0.0430,NA,0.0174,0.0074,0.1004
blocks_right_5_p_t10,0,NA,NA,NA,NA,NA,NA,NA
blocks_right_5_p_t2,0,1.0253,1.6738,0.0982,NA,0.0494,0.0104,0.2297
blocks_right_5_p_t3,0,8.0463,13.8841,0.7960,NA,0.0251,0.0125,0.0112
blocks_right_5_p_t4,0,23.5433,42.4632,2.6463,NA,0.0204,0.0202,0.0464
blocks_right_5_p_t5,0,NA,NA,NA,NA,NA,NA,NA
blocks_right_5_p_t6,0,NA,NA,NA,NA,NA,NA,NA
blocks_right_5_p_t7,0,NA,NA,NA,NA,NA,NA,NA
blocks_right_5_p_t8,0,NA,NA,NA,NA,NA,NA,NA
blocks_right_5_p_t9,0,NA,NA,NA,NA,NA,NA,NA
blocks_right_6_p_t1,0,4.3393,9.1869,0.5863,NA,0.0210,0.0080,0.1707
blocks_right_6_p_t10,0,NA,NA,NA,NA,NA,NA,NA
blocks_right_6_p_t2,0,10.5776,25.6016,1.1064,NA,0.0192,0.0158,0.0195
blocks_right_6_p_t3,0,NA,NA,NA,NA,NA,NA,NA
blocks_right_6_p_t4,0,NA,NA,NA,NA,NA,NA,NA
blocks_right_6_p_t5,0,NA,NA,NA,NA,NA,NA,NA
blocks_right_6_p_t6,0,NA,NA,NA,NA,NA,NA,NA
blocks_right_6_p_t7,0,NA,NA,NA,NA,NA,NA,NA
blocks_right_6_p_t8,0,NA,NA,NA,NA,NA,NA,NA
blocks_right_6_p_t9,0,NA,NA,NA,NA,NA,NA,NA
bmc-galileo-8,0,NA,NA,NA,NA,NA,NA,NA
bmc-galileo-9,0,NA,NA,NA,NA,NA,NA,NA
bmc-ibm-1,0,0.0815,0.1129,0.0518,NA,NA,0.0608,0.0929
bmc-ibm-10,0,NA,NA,NA,NA,NA,NA,NA
bmc-ibm-11,0,57.0530,NA,8.4825,NA,NA,0.0711,NA
bmc-ibm-12,0,8.1026,12.2752,0.9692,NA,NA,0.1840,NA
bmc-ibm-13,0,0.3423,0.8090,0.1137,NA,0.0508,0.0522,NA
bmc-ibm-2,0,0.0307,0.0307,0.0310,NA,0.0409,0.0099,0.0122
bmc-ibm-3,0,0.0540,0.0548,0.0547,0.5602,0.0400,0.0337,0.6829
bmc-ibm-4,0,0.8534,2.5472,0.2234,NA,0.0638,0.1083,0.6293
bmc-ibm-5,0,1.1772,39.0584,2.5995,NA,0.3497,0.0603,0.1464
bmc-ibm-6,0,NA,NA,NA,NA,NA,NA,NA
bmc-ibm-7,0,NA,NA,NA,NA,NA,NA,NA
bomb_b10_t10_p_t1,0,0.0293,0.0296,0.0296,NA,0.0163,0.0097,0.0104
bomb_b10_t10_p_t10,0,0.0973,0.1100,0.0414,0.0707,NA,0.3257,0.0187
bomb_b10_t10_p_t11,0,0.1214,0.1213,0.0427,0.0655,NA,0.3191,0.0193
bomb_b10_t10_p_t12,0,0.1301,0.1274,0.0439,0.0833,NA,0.3709,0.0211
bomb_b10_t10_p_t13,0,0.1486,0.1389,0.0455,0.0828,NA,0.4961,0.0228
bomb_b10_t10_p_t14,0,0.1665,0.1546,0.0467,NA,NA,0.5137,0.0228
bomb_b10_t10_p_t15,0,0.1830,0.1758,0.0479,0.1014,NA,NA,0.0253
bomb_b10_t10_p_t16,0,0.2006,0.1742,0.0494,0.1155,NA,NA,0.0261
bomb_b10_t10_p_t17,0,0.2187,0.1984,0.0505,NA,NA,NA,0.0291
bomb_b10_t10_p_t18,0,0.2330,0.2062,0.0522,0.1109,NA,NA,0.0292
bomb_b10_t10_p_t19,0,0.2542,0.2214,0.0529,0.1156,NA,NA,0.0310
bomb_b10_t10_p_t2,0,0.0308,0.0309,0.0312,NA,0.0285,0.0183,0.0112
bomb_b10_t10_p_t20,0,0.2748,0.2308,0.0549,0.1314,NA,NA,0.0320
bomb_b10_t10_p_t3,0,0.0327,0.0358,0.0325,NA,0.0498,0.0346,0.0121
bomb_b10_t10_p_t4,0,0.0402,0.0484,0.0339,0.0282,0.0811,0.0606,0.0130
bomb_b10_t10_p_t5,0,0.0463,0.0606,0.0355,0.0335,0.1109,0.0808,0.0136
bomb_b10_t10_p_t6,0,0.0558,0.0667,0.0368,0.0392,0.1631,0.1228,0.0146
bomb_b10_t10_p_t7,0,0.0637,0.0811,0.0381,0.0481,0.2002,0.1539,0.0155
bomb_b10_t10_p_t8,0,0.0783,0.0914,0.0400,NA,NA,0.1969,0.0164
bomb_b10_t10_p_t9,0,0.0810,0.1090,0.0402,0.0689,NA,0.2191,0.0170
bomb_b10_t5_p_t1,0,0.0288,0.0287,0.0289,NA,0.0128,0.0069,0.0101
bomb_b10_t5_p_t10,0,0.0525,0.0569,0.0366,0.0411,0.1509,0.1004,0.0147
bomb_b10_t5_p_t2,0,0.0297,0.0297,0.0299,NA,0.0165,0.0102,0.0106
bomb_b10_t5_p_t3,0,0.0305,0.0306,0.0308,0.0153,0.0239,0.0160,0.0111
bomb_b10_t5_p_t4,0,0.0313,0.0315,0.0314,NA,0.0332,0.0236,0.0116
bomb_b10_t5_p_t5,0,0.0322,0.0327,0.0323,NA,0.0475,0.0305,0.0120
bomb_b10_t5_p_t6,0,0.0334,0.0359,0.0332,0.0288,0.0604,0.0435,0.0125
bomb_b10_t5_p_t7,0,0.0364,0.0432,0.0340,NA,0.0801,0.0620,0.0133
bomb_b10_t5_p_t8,0,0.0425,0.0490,0.0348,0.0290,0.1002,0.0785,0.0138
bomb_b10_t5_p_t9,0,0.0486,0.0542,0.0361,NA,0.1261,0.0971,0.0145
bomb_b20_t5_p_t1,0,0.0301,0.0302,0.0305,0.0138,0.0255,0.0145,0.0109
bomb_b20_t5_p_t10,0,0.2012,0.1996,0.0486,NA,NA,NA,0.0235
bomb_b20_t5_p_t2,0,0.0326,0.0414,0.0328,NA,0.0512,0.0374,0.0122
bomb_b20_t5_p_t3,0,0.0407,0.0630,0.0346,0.0339,0.0936,0.0702,0.0133
bomb_b20_t5_p_t4,0,0.0545,0.0767,0.0375,NA,0.1627,0.1229,0.0147
bomb_b20_t5_p_t5,0,0.0766,0.1020,0.0393,0.0521,NA,0.1838,0.0159
bomb_b20_t5_p_t6,0,0.0918,0.1238,0.0405,0.0510,NA,0.2292,0.0169
bomb_b20_t5_p_t7,0,0.1124,0.1395,0.0425,0.0698,NA,NA,0.0186
bomb_b20_t5_p_t8,0,0.1393,0.1488,0.0452,0.0850,NA,NA,0.0195
bomb_b20_t5_p_t9,0,0.1682,0.1798,0.0471,0.1005,NA,NA,0.0214
bomb_b5_t1_p_t1,0,0.0280,0.0280,0.0283,NA,0.0109,0.0053,0.0097
bomb_b5_t1_p_t10,0,0.0296,0.0296,0.0297,NA,0.0161,0.0107,0.0107
bomb_b5_t1_p_t2,0,0.0281,0.0283,0.0283,0.0048,0.0140,0.0056,0.0098
bomb_b5_t1_p_t3,0,0.0282,0.0284,0.0286,NA,0.0153,0.0060,0.0098
bomb_b5_t1_p_t4,0,0.0285,0.0286,0.0287,NA,0.0151,0.0063,0.0100
bomb_b5_t1_p_t5,0,0.0286,0.0288,0.0289,NA,0.0164,0.0069,0.0101
bomb_b5_t1_p_t6,0,0.0288,0.0290,0.0293,0.0077,0.0172,0.0074,0.0101
bomb_b5_t1_p_t7,0,0.0292,0.0291,0.0293,NA,0.0176,0.0083,0.0101
bomb_b5_t1_p_t8,0,0.0292,0.0293,0.0295,NA,0.0189,0.0086,0.0104
bomb_b5_t1_p_t9,0,0.0293,0.0295,0.0295,0.0109,0.0188,0.0098,0.0105
bomb_b5_t5_p_t1,0,0.0282,0.0283,0.0285,NA,0.0144,0.0057,0.0097
bomb_b5_t5_p_t10,0,0.0320,0.0318,0.0319,NA,0.0440,0.0325,0.0122
bomb_b5_t5_p_t2,0,0.0286,0.0286,0.0290,NA,0.0166,0.0069,0.0101
bomb_b5_t5_p_t3,0,0.0291,0.0292,0.0294,NA,0.0183,0.0084,0.0103
bomb_b5_t5_p_t4,0,0.0295,0.0296,0.0299,NA,0.0153,0.0106,0.0106
bomb_b5_t5_p_t5,0,0.0300,0.0299,0.0303,0.0133,0.0185,0.0128,0.0108
bomb_b5_t5_p_t6,0,0.0303,0.0305,0.0307,NA,0.0219,0.0160,0.0109
bomb_b5_t5_p_t7,0,0.0308,0.0309,0.0309,NA,0.0266,0.0174,0.0112
bomb_b5_t5_p_t8,0,0.0312,0.0312,0.0313,0.0180,0.0316,0.0205,0.0115
bomb_b5_t5_p_t9,0,0.0315,0.0315,0.0315,NA,0.0362,0.0267,0.0118
brutus,1,0.0787,0.3069,0.0344,1.9864,0.0170,0.0093,0.0110
buildroot,1,13.8232,NA,5.4412,NA,0.0548,NA,NA
busybox-1.18.0,1,0.0337,0.0351,0.0352,NA,0.1865,0.0427,0.0130
busybox_1_28_0,1,0.0290,0.0291,0.0293,NA,0.0195,0.0080,0.0104
bw_large.a,0,0.0286,0.0285,0.0287,NA,0.0119,0.0064,0.0104
bw_large.b,0,0.0343,0.0345,0.0344,NA,0.0154,0.0095,0.0133
bw_large.c,0,0.0485,0.0484,0.0484,0.1077,0.0526,0.0238,0.1060
bw_large.d,0,0.0726,0.0831,0.0728,NA,0.1840,0.0540,NA
c1355.isc,0,2.2331,5.3454,0.2163,3.3338,0.0225,0.0074,0.0742
c1908.isc,0,21.3435,45.8614,1.9918,NA,0.0172,0.0112,0.0358
c2670.isc,0,NA,NA,NA,NA,NA,NA,NA
c432.isc,0,0.0283,0.0283,0.0286,0.0440,0.0143,0.0056,0.0122
c499.isc,0,1.4109,2.7994,0.1500,NA,0.0609,0.0059,0.1507
c7552.isc,0,11.8344,40.5018,1.5379,NA,0.0508,0.0475,NA
c880.isc,0,6.1469,10.1663,0.4525,NA,0.0152,0.0066,0.1531
c880_gr_rcs_w7.shuffled,0,NA,NA,NA,NA,NA,NA,NA
calm16_ceb,1,0.0670,0.2270,0.0332,0.8303,0.0191,0.0112,0.0114
calm32_ceb,1,0.0713,0.2186,0.0330,1.0098,0.0183,0.0105,0.0118
ceb_v850,1,0.0692,0.1586,0.0322,2.3081,0.0194,0.0114,0.0603
cerf,1,0.1281,0.4151,0.0367,3.7006,0.0184,0.0107,0.0221
cerfpda,1,0.1168,0.4670,0.0367,4.8582,0.0187,0.0110,0.0293
cma230,1,0.0674,0.2785,0.0338,1.3549,0.0193,0.0100,0.0150
cma28x,1,0.0560,0.4163,0.0365,2.2266,0.0194,0.0103,0.0133
cme555,1,0.1014,0.3398,0.0348,1.6941,0.0192,0.0100,0.0107
cnt06.shuffled,0,0.0293,0.0294,0.0295,NA,0.0132,0.0063,0.1719
cnt07.shuffled,0,0.0309,0.0311,0.0312,NA,0.0240,0.0075,NA
cnt08.shuffled,0,0.0359,0.0360,0.0362,NA,0.0811,0.0146,NA
cnt09.shuffled,0,0.0441,0.0440,0.0442,NA,0.3413,0.0364,NA
cnt10.shuffled,0,0.0779,0.0780,0.0780,NA,NA,NA,NA
coins_p01_p_t1,0,0.0282,0.0281,0.0285,NA,0.0150,0.0055,0.0102
coins_p01_p_t10,0,19.4989,40.9117,2.2784,0.3485,NA,0.0105,NA
coins_p01_p_t2,0,0.0292,0.0327,0.0295,NA,0.0187,0.0060,0.0167
coins_p01_p_t3,0,0.0587,0.0926,0.0315,NA,0.0200,0.0067,0.0313
coins_p01_p_t4,0,0.1519,0.2954,0.0376,NA,0.0184,0.0073,0.3391
coins_p01_p_t5,0,0.5136,0.8917,0.0614,NA,0.0194,0.0085,0.1039
coins_p01_p_t6,0,1.0913,2.2267,0.1093,NA,0.0194,0.0096,NA
coins_p01_p_t7,0,6.8048,28.2136,1.1263,5.1049,0.0193,0.0103,NA
coins_p01_p_t8,0,11.9143,27.1457,1.3055,13.5136,0.0205,0.0116,NA
coins_p01_p_t9,0,25.5958,53.6346,2.6161,NA,NA,0.0123,NA
coins_p02_p_t1,0,0.0281,0.0282,0.0286,NA,0.0164,0.0055,0.0102
coins_p02_p_t10,0,14.6601,39.2824,NA,NA,NA,NA,NA
coins_p02_p_t2,0,0.0292,0.0328,0.0294,0.0189,0.0187,0.0059,0.0178
coins_p02_p_t3,0,0.0585,0.0933,0.0314,0.1283,0.0191,0.0068,0.0649
coins_p02_p_t4,0,0.1526,0.2906,0.0376,NA,0.0193,0.0073,0.1417
coins_p02_p_t5,0,0.5060,0.8852,0.0613,2.6538,0.0194,0.0082,0.1101
coins_p02_p_t6,0,1.0645,2.2197,0.1095,NA,0.0197,0.0093,NA
coins_p02_p_t7,0,6.7991,24.6546,1.1265,NA,0.0195,0.0104,NA
coins_p02_p_t8,0,11.8575,28.7065,1.3057,9.3370,0.0203,0.0117,NA
coins_p02_p_t9,0,NA,NA,NA,NA,NA,NA,NA
coins_p03_p_t1,0,0.0281,0.0282,0.0283,NA,0.0163,0.0055,0.0099
coins_p03_p_t10,0,NA,NA,NA,NA,NA,NA,NA
coins_p03_p_t2,0,0.0290,0.0357,0.0293,0.0188,0.0187,0.0061,0.0401
coins_p03_p_t3,0,0.1381,0.2747,0.0362,NA,0.0188,0.0063,0.2627
coins_p03_p_t4,0,0.1473,0.3269,0.0389,0.3355,0.0184,0.0076,0.1203
coins_p03_p_t5,0,0.7775,1.2033,0.0782,2.4554,0.0195,0.0085,1.8438
coins_p03_p_t6,0,1.0550,2.3737,0.1086,NA,0.0198,0.0090,NA
coins_p03_p_t7,0,6.7777,25.3453,1.1001,5.2389,0.0199,0.0103,NA
coins_p03_p_t8,0,3.5938,8.6469,0.3680,NA,0.0202,0.0116,NA
coins_p03_p_t9,0,26.7858,56.3393,2.6759,NA,0.0204,0.0140,NA
coins_p04_p_t1,0,0.0282,0.0282,0.0286,NA,0.0151,0.0055,0.0102
coins_p04_p_t10,0,19.4589,40.6651,2.2787,31.9636,NA,0.0149,NA
coins_p04_p_t2,0,0.0291,0.0353,0.0294,NA,0.0186,0.0059,0.0169
coins_p04_p_t3,0,0.0588,0.0952,0.0315,NA,0.0190,0.0068,0.1449
coins_p04_p_t4,0,0.1518,0.3171,0.0376,NA,0.0185,0.0074,0.1334
coins_p04_p_t5,0,0.5058,0.9025,0.0615,1.5267,0.0193,0.0087,NA
coins_p04_p_t6,0,1.1087,2.2501,0.1095,NA,0.0197,0.0093,0.0447
coins_p04_p_t7,0,6.7543,26.2606,1.1263,NA,0.0199,0.0103,NA
coins_p04_p_t8,0,11.7778,28.5911,1.3054,NA,0.0205,0.0114,NA
coins_p04_p_t9,0,26.4423,55.0410,2.6161,NA,0.0204,0.0133,NA
coins_p05_p_t1,0,0.0281,0.0283,0.0285,NA,0.0151,0.0054,0.0099
coins_p05_p_t10,0,4.6484,10.0137,0.4752,NA,NA,0.0071,NA
coins_p05_p_t2,0,0.0289,0.0289,0.0289,NA,0.0188,0.0060,0.0428
coins_p05_p_t3,0,0.1429,0.2902,0.0363,NA,0.0187,0.0065,0.1568
coins_p05_p_t4,0,0.1520,0.2847,0.0378,NA,0.0193,0.0075,0.0868
coins_p05_p_t5,0,0.7383,1.2926,0.0780,NA,0.0197,0.0083,0.1287
coins_p05_p_t6,0,0.2741,0.5684,0.0492,NA,0.0198,0.0088,NA
coins_p05_p_t7,0,3.4725,7.8668,0.3599,8.3182,0.0200,0.0098,0.3113
coins_p05_p_t8,0,3.6902,9.4448,0.3825,NA,0.0205,0.0113,NA
coins_p05_p_t9,0,5.0306,11.2749,0.5087,NA,0.0206,0.0131,NA
coins_p10_p_t1,0,0.0287,0.0288,0.0291,NA,0.0162,0.0062,0.0146
coins_p10_p_t10,0,NA,NA,NA,NA,NA,NA,NA
coins_p10_p_t2,0,0.3139,0.8826,0.0648,NA,0.0180,0.0082,0.1358
coins_p10_p_t3,0,4.2330,9.9951,0.4358,NA,0.0195,0.0102,NA
coins_p10_p_t4,0,NA,NA,NA,NA,NA,NA,NA
coins_p10_p_t5,0,NA,NA,NA,NA,NA,NA,NA
coins_p10_p_t6,0,NA,NA,NA,NA,NA,NA,NA
coins_p10_p_t7,0,NA,NA,NA,NA,NA,NA,NA
coins_p10_p_t8,0,NA,NA,NA,NA,NA,NA,NA
coins_p10_p_t9,0,NA,NA,NA,NA,NA,NA,NA
comm_p01_p_t1,0,0.0281,0.0282,0.0284,NA,0.0151,0.0056,0.0099
comm_p01_p_t10,0,0.2327,0.3388,0.0449,NA,0.0203,0.0145,2.3149
comm_p01_p_t2,0,0.0286,0.0288,0.0289,NA,0.0156,0.0091,0.0144
comm_p01_p_t3,0,0.0328,0.0451,0.0303,0.0390,0.0166,0.0066,0.0237
comm_p01_p_t4,0,0.0389,0.0545,0.0305,0.0628,0.0171,0.0067,0.0145
comm_p01_p_t5,0,0.0675,0.0899,0.0329,NA,0.0193,0.0082,0.1123
comm_p01_p_t6,0,0.0990,0.1340,0.0349,0.1166,0.0197,0.0093,0.2985
comm_p01_p_t7,0,0.1228,0.2148,0.0387,0.1736,0.0156,0.0099,0.1506
comm_p01_p_t8,0,0.0998,0.1605,0.0375,0.2100,0.0174,0.0120,0.0967
comm_p01_p_t9,0,0.1660,0.2369,0.0419,NA,0.0201,0.0123,0.2363
comm_p02_p_t1,0,0.0284,0.0284,0.0286,NA,0.0154,0.0060,0.0104
comm_p02_p_t10,0,0.8452,1.3604,0.1061,0.9700,0.0365,0.0212,0.2256
comm_p02_p_t2,0,0.0410,0.0573,0.0309,0.0496,0.0169,0.0070,0.0191
comm_p02_p_t3,0,0.0795,0.1080,0.0329,NA,0.0181,0.0082,0.0403
comm_p02_p_t4,0,0.1628,0.2780,0.0406,0.1475,0.0167,0.0103,0.1562
comm_p02_p_t5,0,0.2283,0.3724,0.0464,NA,0.0177,0.0126,0.2822
comm_p02_p_t6,0,0.3020,0.4466,0.0508,NA,0.0203,0.0153,0.9777
comm_p02_p_t7,0,0.4800,0.7653,0.0672,0.5545,0.0236,0.0175,0.2842
comm_p02_p_t8,0,0.5716,0.7961,0.0680,NA,0.0282,0.0197,0.0144
comm_p02_p_t9,0,0.7398,1.1958,0.0932,NA,0.0327,0.0211,0.0228
comm_p03_p_t1,0,0.0288,0.0288,0.0289,NA,0.0162,0.0063,0.0110
comm_p03_p_t10,0,1.7118,2.9119,0.2008,3.5594,0.0696,NA,NA
comm_p03_p_t2,0,0.0746,0.1166,0.0341,NA,0.0183,0.0078,0.0212
comm_p03_p_t3,0,0.2834,0.4439,0.0481,0.3521,0.0175,0.0118,0.1429
comm_p03_p_t4,0,0.3223,0.5308,0.0532,NA,0.0209,0.0157,0.2953
comm_p03_p_t5,0,0.5331,0.8437,0.0729,NA,0.0265,0.0203,0.4608
comm_p03_p_t6,0,0.7651,1.2179,0.0899,NA,0.0323,0.0239,NA
comm_p03_p_t7,0,1.2068,1.8579,0.1365,2.1099,0.0399,0.0276,0.2442
comm_p03_p_t8,0,0.9223,1.4026,0.1094,NA,0.0493,0.0236,2.1080
comm_p03_p_t9,0,1.3350,2.2453,0.1587,NA,0.0571,NA,NA
comm_p04_p_t1,0,0.0374,0.0613,0.0303,0.0256,0.0170,0.0074,0.0132
comm_p04_p_t10,0,4.9870,8.7590,0.5623,9.3737,0.1113,NA,NA
comm_p04_p_t2,0,0.3544,0.5297,0.0509,NA,0.0160,0.0107,0.1054
comm_p04_p_t3,0,0.5832,0.8587,0.0691,NA,0.0216,0.0149,0.3096
comm_p04_p_t4,0,1.0691,1.6540,0.1194,NA,0.0295,0.0236,0.9918
comm_p04_p_t5,0,1.4560,2.4192,0.1610,NA,0.0409,0.0279,NA
comm_p04_p_t6,0,2.0615,3.1418,0.2052,NA,0.0522,0.0370,NA
comm_p04_p_t7,0,2.5680,4.6801,0.3055,NA,0.0627,NA,NA
comm_p04_p_t8,0,3.4023,6.1267,0.3851,NA,0.0834,NA,NA
comm_p04_p_t9,0,4.2512,7.1869,0.4946,7.7290,NA,NA,NA
comm_p05_p_t1,0,0.0791,0.1374,0.0331,NA,0.0186,0.0086,0.0158
comm_p05_p_t10,0,25.9175,43.4276,3.0535,25.1511,NA,NA,NA
comm_p05_p_t2,0,0.6214,1.0570,0.0736,0.9155,0.0195,0.0146,0.1622
comm_p05_p_t3,0,1.5118,2.4591,0.1605,NA,0.0309,0.0221,0.7011
comm_p05_p_t4,0,2.7414,5.0247,0.2801,NA,0.0446,0.0355,NA
comm_p05_p_t5,0,3.5991,6.7664,0.4382,NA,0.0592,0.0385,NA
comm_p05_p_t6,0,4.9539,8.9582,0.6040,7.9489,0.0756,NA,NA
comm_p05_p_t7,0,14.7338,27.5423,1.9210,NA,0.1040,NA,NA
comm_p05_p_t8,0,8.6779,14.7398,0.8792,NA,NA,NA,NA
comm_p05_p_t9,0,17.7942,29.7009,1.9711,NA,0.1500,0.0523,NA
comm_p10_p_t1,0,6.1473,15.4867,0.5995,4.8859,0.0321,0.0254,NA
comm_p10_p_t10,0,NA,NA,NA,NA,NA,NA,NA
comm_p10_p_t2,0,NA,NA,NA,NA,NA,NA,NA
comm_p10_p_t3,0,NA,NA,NA,NA,NA,0.0152,NA
comm_p10_p_t4,0,NA,NA,NA,NA,NA,NA,NA
comm_p10_p_t5,0,NA,NA,NA,NA,NA,NA,NA
comm_p10_p_t6,0,NA,NA,NA,NA,NA,NA,NA
comm_p10_p_t7,0,NA,NA,NA,NA,NA,NA,NA
comm_p10_p_t8,0,NA,NA,NA,NA,NA,NA,NA
comm_p10_p_t9,0,NA,NA,NA,NA,NA,NA,NA
cq7708,1,0.0710,0.2808,0.0412,2.0584,0.0200,0.0146,0.0303
cq7750,1,0.0673,0.2187,0.0329,2.1618,0.0186,0.0096,0.0166
csb281,1,0.0682,0.2388,0.0327,1.9209,0.0182,0.0102,0.0333
dreamcast,1,0.1077,0.3345,0.0352,NA,0.0177,0.0120,0.0135
e0ddr2-10-by-5-1,0,NA,NA,NA,NA,NA,NA,NA
e0ddr2-10-by-5-4,0,NA,NA,NA,NA,NA,NA,NA
e7t,1,0.0688,0.4121,0.0368,2.1360,0.0170,0.0122,0.1007
ea2468,1,0.0739,0.3477,0.0351,2.1062,0.0177,0.0103,0.0112
eb40,1,0.0883,0.2404,0.0333,1.4709,0.0183,0.0118,0.0420
eb40a,1,0.0715,0.3604,0.0366,3.7810,0.0193,0.0118,0.0125
eb42,1,0.0529,0.3223,0.0350,NA,0.0165,0.0112,0.0523
eb55,1,0.0697,0.2351,0.0331,3.4857,0.0179,0.0122,0.0107
ebsa285,1,0.0910,0.2683,0.0341,NA,0.0171,0.0117,0.0182
ec555,1,0.1011,0.3263,0.0357,NA,0.0181,0.0110,0.0194
ecos-icse11,1,0.1186,0.4178,0.0360,4.3518,0.0182,0.0122,0.0644
edb7xxx,1,0.0890,0.4055,0.0371,1.4723,0.0182,0.0106,0.0109
edosk2674,1,0.0992,0.2977,0.0347,2.7107,0.0160,0.0101,0.0175
embtoolkit,1,0.1727,0.1002,0.1002,NA,NA,NA,NA
emptyroom_d12_g6_p_t1,0,0.0281,0.0281,0.0285,NA,0.0149,0.0088,0.0098
emptyroom_d12_g6_p_t10,0,0.0316,0.0320,0.0318,NA,0.0186,0.0108,0.1018
emptyroom_d12_g6_p_t2,0,0.0284,0.0285,0.0289,NA,0.0155,0.0061,0.0102
emptyroom_d12_g6_p_t3,0,0.0289,0.0289,0.0291,NA,0.0160,0.0066,0.0110
emptyroom_d12_g6_p_t4,0,0.0292,0.0293,0.0293,NA,0.0165,0.0074,0.0137
emptyroom_d12_g6_p_t5,0,0.0294,0.0296,0.0297,NA,0.0171,0.0070,0.0163
emptyroom_d12_g6_p_t6,0,0.0299,0.0299,0.0302,NA,0.0182,0.0088,0.0520
emptyroom_d12_g6_p_t7,0,0.0303,0.0302,0.0305,NA,0.0188,0.0080,0.0860
emptyroom_d12_g6_p_t8,0,0.0308,0.0310,0.0313,0.0412,0.0196,0.0083,0.2609
emptyroom_d12_g6_p_t9,0,0.0363,0.0335,0.0322,NA,0.0210,0.0097,0.0890
emptyroom_d16_g8_p_t1,0,0.0283,0.0282,0.0286,0.0055,0.0150,0.0058,0.0098
emptyroom_d16_g8_p_t10,0,0.0828,0.0795,0.0355,0.2036,0.0265,0.0193,0.0555
emptyroom_d16_g8_p_t2,0,0.0288,0.0288,0.0289,0.0077,0.0158,0.0090,0.0104
emptyroom_d16_g8_p_t3,0,0.0294,0.0294,0.0299,NA,0.0158,0.0064,0.0108
emptyroom_d16_g8_p_t4,0,0.0298,0.0297,0.0301,NA,0.0175,0.0067,0.0127
emptyroom_d16_g8_p_t5,0,0.0431,0.0513,0.0323,NA,0.0184,0.0094,0.0292
emptyroom_d16_g8_p_t6,0,0.0309,0.0310,0.0312,NA,0.0198,0.0106,0.0812
emptyroom_d16_g8_p_t7,0,0.0315,0.0315,0.0314,NA,0.0177,0.0096,0.1260
emptyroom_d16_g8_p_t8,0,0.0402,0.0388,0.0329,NA,0.0177,0.0105,0.3141
emptyroom_d16_g8_p_t9,0,0.0628,0.0598,0.0341,0.0930,0.0197,0.0158,0.0418
emptyroom_d20_g10_corners_p_t1,0,0.0283,0.0284,0.0287,NA,0.0165,0.0056,0.0098
emptyroom_d20_g10_corners_p_t10,0,58.8386,NA,7.1113,NA,NA,0.0237,NA
emptyroom_d20_g10_corners_p_t2,0,0.0291,0.0291,0.0292,NA,0.0161,0.0064,0.0106
emptyroom_d20_g10_corners_p_t3,0,0.0299,0.0300,0.0302,NA,0.0171,0.0075,0.0146
emptyroom_d20_g10_corners_p_t4,0,0.0595,0.0777,0.0332,0.1020,0.0184,0.0087,0.0273
emptyroom_d20_g10_corners_p_t5,0,0.1785,0.2064,0.0424,0.4264,0.0178,0.0111,0.0899
emptyroom_d20_g10_corners_p_t6,0,0.5875,0.7553,0.0782,NA,0.0170,0.0129,0.3023
emptyroom_d20_g10_corners_p_t7,0,1.7556,2.4353,0.2119,31.9156,0.0184,0.0156,0.2986
emptyroom_d20_g10_corners_p_t8,0,NA,NA,NA,NA,NA,NA,NA
emptyroom_d20_g10_corners_p_t9,0,NA,NA,NA,NA,NA,NA,NA
emptyroom_d24_g12_p_t1,0,0.0287,0.0287,0.0290,NA,0.0155,0.0058,0.0102
emptyroom_d24_g12_p_t10,0,0.1850,0.1727,0.0440,NA,0.0367,0.0189,NA
emptyroom_d24_g12_p_t2,0,0.0293,0.0296,0.0295,NA,0.0159,0.0094,0.0104
emptyroom_d24_g12_p_t3,0,0.0304,0.0308,0.0310,NA,0.0173,0.0089,0.0137
emptyroom_d24_g12_p_t4,0,0.0696,0.0797,0.0342,NA,0.0191,0.0110,0.0220
emptyroom_d24_g12_p_t5,0,0.0850,0.1067,0.0370,NA,0.0168,0.0089,0.0305
emptyroom_d24_g12_p_t6,0,0.2575,0.3091,0.0510,NA,0.0188,0.0111,0.0845
emptyroom_d24_g12_p_t7,0,0.0475,0.0548,0.0343,NA,0.0215,0.0117,0.0150
emptyroom_d24_g12_p_t8,0,0.1351,0.1368,0.0389,NA,0.0260,0.0239,0.0187
emptyroom_d24_g12_p_t9,0,0.1113,0.1257,0.0389,0.2038,0.0301,0.0164,0.0470
emptyroom_d28_g14_corners_p_t1,0,0.0286,0.0286,0.0287,NA,0.0157,0.0063,0.0103
emptyroom_d28_g14_corners_p_t10,0,58.9613,NA,10.6156,NA,NA,0.0093,NA
emptyroom_d28_g14_corners_p_t2,0,0.0296,0.0296,0.0298,NA,0.0178,0.0076,0.0117
emptyroom_d28_g14_corners_p_t3,0,0.0311,0.0334,0.0312,0.0464,0.0188,0.0092,0.0185
emptyroom_d28_g14_corners_p_t4,0,0.0736,0.0995,0.0362,NA,0.0177,0.0118,0.0462
emptyroom_d28_g14_corners_p_t5,0,0.2533,0.3574,0.0527,NA,0.0186,0.0159,0.0954
emptyroom_d28_g14_corners_p_t6,0,0.7990,1.1220,0.1133,NA,0.0219,0.0172,0.1369
emptyroom_d28_g14_corners_p_t7,0,2.6591,3.9557,0.3287,NA,0.0263,0.0209,0.1486
emptyroom_d28_g14_corners_p_t8,0,8.4196,NA,1.0728,NA,0.0316,0.0293,0.0832
emptyroom_d28_g14_corners_p_t9,0,27.4165,NA,3.4856,NA,0.0355,0.0348,0.0579
emptyroom_d4_g2_p_t1,0,0.0278,0.0279,0.0282,NA,0.0101,0.0089,0.0094
emptyroom_d4_g2_p_t10,0,0.0288,0.0289,0.0290,NA,0.0162,0.0065,0.0153
emptyroom_d4_g2_p_t2,0,0.0279,0.0280,0.0282,0.0044,0.0140,0.0053,0.0097
emptyroom_d4_g2_p_t3,0,0.0281,0.0282,0.0283,NA,0.0148,0.0053,0.0098
emptyroom_d4_g2_p_t4,0,0.0281,0.0282,0.0286,NA,0.0149,0.0054,0.0099
emptyroom_d4_g2_p_t5,0,0.0281,0.0283,0.0284,NA,0.0150,0.0055,0.0101
emptyroom_d4_g2_p_t6,0,0.0283,0.0284,0.0287,NA,0.0154,0.0058,0.0101
emptyroom_d4_g2_p_t7,0,0.0284,0.0284,0.0286,NA,0.0155,0.0059,0.0108
emptyroom_d4_g2_p_t8,0,0.0286,0.0286,0.0287,NA,0.0156,0.0059,0.0105
emptyroom_d4_g2_p_t9,0,0.0286,0.0286,0.0289,NA,0.0157,0.0062,0.0126
emptyroom_d8_g4_p_t1,0,0.0280,0.0280,0.0284,0.0046,0.0148,0.0052,0.0098
emptyroom_d8_g4_p_t10,0,0.0797,0.0867,0.0334,NA,0.0186,0.0087,0.1789
emptyroom_d8_g4_p_t2,0,0.0282,0.0284,0.0285,0.0082,0.0149,0.0055,0.0100
emptyroom_d8_g4_p_t3,0,0.0283,0.0284,0.0287,NA,0.0152,0.0057,0.0105
emptyroom_d8_g4_p_t4,0,0.0288,0.0291,0.0292,NA,0.0155,0.0057,0.0102
emptyroom_d8_g4_p_t5,0,0.0292,0.0293,0.0294,NA,0.0160,0.0062,0.0178
emptyroom_d8_g4_p_t6,0,0.0429,0.0432,0.0304,NA,0.0166,0.0070,0.0418
emptyroom_d8_g4_p_t7,0,0.0523,0.0535,0.0309,NA,0.0167,0.0075,0.1461
emptyroom_d8_g4_p_t8,0,0.0441,0.0543,0.0312,0.0501,0.0173,0.0076,0.1909
emptyroom_d8_g4_p_t9,0,0.0563,0.0738,0.0317,NA,0.0183,0.0082,0.0120
enddr2-10-by-5-1,0,NA,NA,NA,NA,NA,NA,NA
enddr2-10-by-5-8,0,NA,NA,NA,NA,NA,NA,NA
ewddr2-10-by-5-1,0,NA,NA,NA,NA,NA,NA,NA
ewddr2-10-by-5-8,0,NA,NA,NA,NA,NA,NA,NA
excalibur_arm9,1,0.0727,0.2672,0.0416,NA,0.0219,0.0140,0.0835
fads,1,0.0586,0.1654,0.0315,NA,0.0170,0.0098,0.0140
family_grid_new_dispose_4_1_p_t1,0,12.2904,NA,0.9619,NA,0.0619,0.0429,NA
family_grid_new_dispose_4_1_p_t2,0,NA,NA,NA,NA,NA,0.1111,NA
fiasco,1,0.0297,0.0299,0.0302,NA,0.0201,0.0082,0.0105
fiasco_17_10,1,0.0282,0.0286,0.0287,0.0061,0.0148,0.0059,0.0100
financial,1,0.0320,0.0322,0.0324,0.0316,0.0174,0.0097,0.0133
financialServices_2018-05-09,1,0.0320,0.0321,0.0324,0.0219,0.0181,0.0069,0.0109
flexanet,1,0.1590,0.4088,0.0373,3.7318,0.0176,0.0121,0.0145
flip_1_p_t1,0,0.0277,0.0278,0.0281,NA,0.0097,0.0052,0.0094
flip_1_p_t10,0,0.0277,0.0279,0.0280,NA,0.0133,0.0089,0.0095
flip_1_p_t2,0,0.0277,0.0278,0.0282,0.0041,0.0099,0.0053,0.0094
flip_1_p_t3,0,0.0276,0.0277,0.0281,NA,0.0101,0.0052,0.0094
flip_1_p_t4,0,0.0276,0.0278,0.0280,NA,0.0101,0.0088,0.0094
flip_1_p_t5,0,0.0278,0.0278,0.0281,NA,0.0100,0.0088,0.0094
flip_1_p_t6,0,0.0278,0.0278,0.0280,NA,0.0101,0.0088,0.0094
flip_1_p_t7,0,0.0277,0.0278,0.0279,NA,0.0133,0.0087,0.0094
flip_1_p_t8,0,0.0278,0.0278,0.0282,0.0044,0.0130,0.0054,0.0094
flip_1_p_t9,0,0.0277,0.0278,0.0282,NA,0.0105,0.0053,0.0094
flip_no_action_1_p_t1,0,0.0278,0.0278,0.0280,0.0042,0.0099,0.0053,0.0094
flip_no_action_1_p_t10,0,0.0279,0.0280,0.0283,NA,0.0147,0.0051,0.0097
flip_no_action_1_p_t2,0,0.0276,0.0277,0.0280,0.0043,0.0100,0.0052,0.0094
flip_no_action_1_p_t3,0,0.0278,0.0278,0.0280,0.0042,0.0101,0.0089,0.0094
flip_no_action_1_p_t4,0,0.0278,0.0278,0.0280,NA,0.0131,0.0087,0.0094
flip_no_action_1_p_t5,0,0.0278,0.0279,0.0280,NA,0.0134,0.0088,0.0094
flip_no_action_1_p_t6,0,0.0278,0.0278,0.0282,0.0045,0.0132,0.0087,0.0094
flip_no_action_1_p_t7,0,0.0279,0.0279,0.0280,NA,0.0145,0.0052,0.0097
flip_no_action_1_p_t8,0,0.0279,0.0280,0.0282,NA,0.0139,0.0051,0.0097
flip_no_action_1_p_t9,0,0.0280,0.0279,0.0283,NA,0.0140,0.0071,0.0097
fphp-010-020,0,NA,NA,NA,NA,NA,NA,NA
fphp-015-020,0,NA,NA,NA,NA,NA,NA,NA
freebsd-icse11,1,0.0590,0.6846,0.0681,NA,0.0279,0.0219,0.0269
freetz,1,6.9435,12.6967,0.9904,NA,NA,NA,NA
frv400,1,0.0612,0.2074,0.0328,NA,0.0191,0.0116,0.0130
fs-01.net,0,0.0277,0.0278,0.0281,NA,0.0136,0.0052,0.0094
fs-07.net,0,NA,NA,NA,NA,NA,NA,NA
fs-10.net,0,NA,NA,NA,NA,NA,NA,NA
fs-13.net,0,NA,NA,NA,NA,NA,NA,NA
fs-16.net,0,NA,NA,NA,NA,NA,NA,NA
fs-19.net,0,NA,NA,NA,NA,NA,NA,NA
fs-22.net,0,NA,NA,NA,NA,NA,NA,NA
fs-25.net,0,NA,NA,NA,NA,NA,NA,NA
fs-28.net,0,NA,NA,NA,NA,NA,NA,NA
fs-29.net,0,NA,NA,NA,NA,NA,NA,NA
gps4020,1,0.0681,0.3104,0.0349,1.3799,0.0168,0.0090,0.0138
grg,1,0.0979,0.3163,0.0351,6.8166,0.0187,0.0093,0.0113
h8300h_sim,1,0.0595,0.1859,0.0320,1.7501,0.0175,0.0099,0.0108
h8max,1,0.0861,0.2635,0.0340,NA,0.0198,0.0100,0.0171
h8s_sim,1,0.0615,0.1915,0.0321,NA,0.0154,0.0097,0.0137
hanoi4,0,0.0302,0.0302,0.0303,NA,0.0144,0.0069,0.1710
hanoi5,0,0.0352,0.0353,0.0357,NA,0.0339,0.0185,NA
hs7729pci,1,0.0751,0.2934,0.0421,NA,0.0206,0.0158,0.0187
huge,0,0.0281,0.0283,0.0283,NA,0.0125,0.0064,0.0104
innovator,1,0.0769,0.2603,0.0414,NA,0.0205,0.0146,0.0274
integrator_arm7,1,0.0770,0.3524,0.0350,2.6670,0.0172,0.0115,0.0396
integrator_arm9,1,0.0902,0.3573,0.0430,1.8234,0.0209,0.0138,0.0289
ipaq,1,0.1089,0.3430,0.0362,NA,0.0182,0.0100,0.0160
iq80310,1,0.0792,0.2861,0.0341,1.6952,0.0164,0.0113,0.0105
iq80321,1,0.0986,0.3050,0.0349,2.0303,0.0194,0.0112,0.0119
ixdp425,1,0.0968,0.2752,0.0339,1.7037,0.0181,0.0123,0.0113
jmr3904,1,0.1011,0.3812,0.0362,1.7226,0.0186,0.0105,0.0162
jtst,1,0.0854,0.2871,0.0345,1.2895,0.0167,0.0106,0.0321
lang12,0,2.3657,NA,0.4084,NA,0.0151,0.0334,0.1484
lang15,0,NA,NA,NA,NA,NA,NA,NA
lang16,0,NA,NA,NA,NA,NA,NA,NA
lang19,0,NA,NA,NA,NA,NA,NA,NA
lang20,0,NA,NA,NA,NA,NA,NA,NA
lang23,0,NA,NA,NA,NA,NA,NA,NA
lang24,0,NA,NA,NA,NA,NA,NA,NA
lang27,0,NA,NA,NA,NA,NA,NA,NA
lang28,0,NA,NA,NA,NA,NA,NA,NA
linux,1,0.0782,0.2548,0.0329,NA,0.0193,0.0114,0.0398
linux-2.6.33.3,1,NA,NA,NA,NA,NA,NA,NA
log-1,0,0.0295,0.0295,0.0298,NA,0.0196,0.0065,0.0110
log-2,0,0.0672,0.0773,0.0434,NA,0.0216,0.0137,0.0615
log-3,0,0.0453,0.0454,0.0453,NA,0.0231,0.0155,0.1749
log-4,0,0.2548,0.4976,0.0537,NA,0.0325,0.0156,0.1785
log-5,0,0.6412,1.4910,0.0791,31.9774,0.0415,0.0252,0.0713
logistics.a,0,1.2913,2.2217,0.1764,NA,0.0195,0.0072,0.0717
logistics.b,0,0.1663,0.3518,0.0438,NA,0.0230,0.0076,0.1139
logistics.c,0,NA,NA,NA,NA,NA,NA,NA
logistics.d,0,NA,NA,NA,NA,NA,NA,NA
logistics_p2_2_2_p_t1,0,NA,NA,NA,NA,NA,NA,NA
lpcmt,1,0.0771,0.3374,0.0361,2.3779,0.0166,0.0096,0.0165
lrzip,1,0.0278,0.0278,0.0279,0.0042,0.0128,0.0052,0.0094
ls10-normalized,0,NA,NA,NA,NA,NA,NA,NA
ls11-normalized,0,NA,NA,NA,NA,NA,NA,NA
ls12-normalized,0,NA,NA,NA,NA,NA,NA,NA
ls13-normalized,0,NA,NA,NA,NA,NA,NA,NA
ls14-normalized,0,NA,NA,NA,NA,NA,NA,NA
ls15-normalized,0,NA,NA,NA,NA,NA,NA,NA
ls16-normalized,0,NA,NA,NA,NA,NA,NA,NA
ls8-normalized,0,NA,NA,NA,NA,NA,NA,NA
ls9-normalized,0,NA,NA,NA,NA,NA,NA,NA
m5272c3,1,0.0539,0.1552,0.0318,3.1383,0.0183,0.0117,0.0642
mac7100evb,1,0.0743,0.2538,0.0334,1.8614,0.0191,0.0103,0.0170
mace1,1,0.0730,0.2407,0.0333,1.0853,0.0177,0.0103,0.0117
malta_mips32_4kc,1,0.1031,0.2633,0.0337,NA,0.0162,0.0119,0.0256
malta_mips64_5kc,1,0.0822,0.3162,0.0343,3.1185,0.0171,0.0113,0.0132
mastermind_03_08_04.net,0,0.8997,1.0271,0.0711,NA,0.0969,0.0652,0.0754
mastermind_03_08_05.net,0,6.3595,7.1062,0.3590,15.6450,0.2299,NA,0.1364
mastermind_04_08_04.net,0,3.3344,3.9549,0.1978,8.1375,0.1274,NA,0.1696
mastermind_05_08_03.net,0,0.5947,0.6617,0.0531,0.7988,0.0583,0.0468,0.0728
mastermind_06_08_03.net,0,1.0143,1.2478,0.0756,1.5745,0.0726,0.0536,0.1378
mastermind_10_08_03.net,0,6.1112,7.5236,0.3494,10.8702,0.1468,NA,0.1200
mb93091,1,0.1008,0.3895,0.0369,4.3038,0.0194,0.0106,0.0515
mb93093,1,0.0822,0.2630,0.0337,1.0239,0.0184,0.0114,0.0109
mbx,1,0.0986,0.3521,0.0351,NA,0.0180,0.0120,0.0342
mcb2100,1,0.0775,0.3565,0.0360,NA,0.0193,0.0110,0.0123
medium,0,0.0279,0.0281,0.0282,NA,0.0104,0.0055,0.0098
mixdup,0,0.0279,0.0282,0.0284,0.0045,0.0111,0.0054,0.0097
moab,1,0.1072,0.4447,0.0377,3.7752,0.0178,0.0109,0.0723
mpc50,1,0.0640,0.2034,0.0327,1.0762,0.0178,0.0110,0.0372
nano,1,0.1198,0.4626,0.0372,NA,0.0195,0.0112,0.0413
npwr,1,0.1103,0.3410,0.0352,NA,0.0173,0.0115,0.0119
ocelot,1,0.0754,0.2796,0.0345,1.2318,0.0184,0.0112,0.0182
olpce2294,1,0.0868,0.3425,0.0348,NA,0.0182,0.0112,0.0422
olpch2294,1,0.1233,0.4944,0.0379,2.0137,0.0182,0.0103,0.0202
olpcl2294,1,0.0928,0.5570,0.0371,NA,0.0170,0.0117,0.0758
or-100-10-1,0,NA,NA,NA,NA,NA,NA,NA
or-100-10-1-UC-10,0,13.4774,33.7182,1.1902,NA,0.0143,0.0054,0.1685
or-100-10-1-UC-20,0,0.0289,0.0354,0.0289,NA,0.0142,0.0053,0.0105
or-100-10-1-UC-30,0,0.0279,0.0281,0.0283,NA,0.0111,0.0090,0.0099
or-100-10-1-UC-40,0,0.0279,0.0280,0.0282,NA,0.0107,0.0055,0.0097
or-100-10-1-UC-50,0,0.0280,0.0279,0.0283,NA,0.0136,0.0054,0.0097
or-100-10-1-UC-60,0,0.0278,0.0280,0.0281,NA,0.0136,0.0090,0.0097
or-100-10-10,0,NA,NA,NA,NA,NA,NA,NA
or-100-10-10-UC-10,0,NA,NA,NA,NA,NA,NA,NA
or-100-10-10-UC-20,0,0.0283,0.0284,0.0287,NA,0.0143,0.0054,0.0107
or-100-10-10-UC-30,0,0.0280,0.0281,0.0284,NA,0.0142,0.0053,0.0098
or-100-10-10-UC-40,0,0.0279,0.0280,0.0282,NA,0.0110,0.0053,0.0097
or-100-10-10-UC-50,0,0.0279,0.0279,0.0282,NA,0.0142,0.0052,0.0097
or-100-10-10-UC-60,0,0.0279,0.0280,0.0281,NA,0.0136,0.0051,0.0097
or-100-10-2,0,NA,NA,NA,NA,NA,NA,NA
or-100-10-2-UC-10,0,NA,NA,NA,NA,NA,NA,NA
or-100-10-2-UC-20,0,0.1599,0.4391,0.0396,NA,0.0149,0.0053,0.0132
or-100-10-2-UC-30,0,0.0546,0.1440,0.0314,NA,0.0142,0.0053,0.0107
or-100-10-2-UC-40,0,0.0280,0.0280,0.0282,NA,0.0110,0.0052,0.0098
or-100-10-2-UC-50,0,0.0279,0.0280,0.0281,NA,0.0110,0.0052,0.0097
or-100-10-2-UC-60,0,0.0278,0.0279,0.0280,NA,0.0134,0.0090,0.0097
or-100-10-3,0,NA,NA,NA,NA,NA,NA,NA
or-100-10-3-UC-10,0,NA,NA,NA,NA,NA,NA,NA
or-100-10-3-UC-20,0,1.7417,4.2130,0.1630,NA,0.0150,0.0053,0.0589
or-100-10-3-UC-30,0,0.0286,0.0362,0.0287,NA,0.0143,0.0052,0.0098
or-100-10-3-UC-40,0,0.0279,0.0279,0.0284,NA,0.0111,0.0052,0.0097
or-100-10-3-UC-50,0,0.0280,0.0280,0.0282,NA,0.0137,0.0088,0.0097
or-100-10-3-UC-60,0,0.0279,0.0280,0.0282,NA,0.0110,0.0052,0.0097
or-100-10-4,0,NA,NA,NA,NA,NA,NA,NA
or-100-10-4-UC-10,0,NA,NA,NA,NA,NA,NA,NA
or-100-10-4-UC-20,0,0.2613,0.6082,0.0455,NA,0.0111,0.0054,0.0278
or-100-10-4-UC-30,0,0.0287,0.0454,0.0294,NA,0.0143,0.0053,0.0100
or-100-10-4-UC-40,0,0.0281,0.0280,0.0283,NA,0.0143,0.0052,0.0097
or-100-10-4-UC-50,0,0.0279,0.0280,0.0282,NA,0.0109,0.0052,0.0097
or-100-10-4-UC-60,0,0.0278,0.0280,0.0281,NA,0.0105,0.0089,0.0097
or-100-10-5,0,NA,NA,NA,NA,NA,NA,NA
or-100-10-5-UC-10,0,NA,NA,11.9638,NA,NA,0.0051,NA
or-100-10-5-UC-20,0,0.3155,0.7131,0.0492,NA,0.0143,0.0054,0.0430
or-100-10-5-UC-30,0,0.0348,0.0736,0.0301,NA,0.0142,0.0053,0.0122
or-100-10-5-UC-40,0,0.0280,0.0282,0.0284,NA,0.0142,0.0052,0.0100
or-100-10-5-UC-50,0,0.0279,0.0280,0.0283,NA,0.0142,0.0053,0.0098
or-100-10-5-UC-60,0,0.0278,0.0280,0.0280,NA,0.0111,0.0090,0.0097
or-100-10-6,0,NA,NA,NA,NA,NA,NA,NA
or-100-10-6-UC-10,0,NA,NA,NA,NA,NA,NA,NA
or-100-10-6-UC-20,0,0.1723,0.4933,0.0412,NA,0.0143,0.0054,0.0134
or-100-10-6-UC-30,0,0.0280,0.0281,0.0283,NA,0.0110,0.0052,0.0099
or-100-10-6-UC-40,0,0.0279,0.0280,0.0282,NA,0.0110,0.0052,0.0097
or-100-10-6-UC-50,0,0.0278,0.0280,0.0281,NA,0.0109,0.0052,0.0097
or-100-10-6-UC-60,0,0.0279,0.0279,0.0281,NA,0.0137,0.0052,0.0097
or-100-10-7,0,NA,NA,NA,NA,NA,NA,NA
or-100-10-7-UC-10,0,26.1932,62.3420,2.1087,NA,0.0150,0.0053,1.5134
or-100-10-7-UC-20,0,0.3230,0.7410,0.0519,NA,0.0149,0.0053,0.0501
or-100-10-7-UC-30,0,0.0282,0.0282,0.0285,NA,0.0143,0.0053,0.0108
or-100-10-7-UC-40,0,0.0281,0.0282,0.0284,NA,0.0143,0.0053,0.0108
or-100-10-7-UC-50,0,0.0279,0.0280,0.0281,NA,0.0142,0.0052,0.0097
or-100-10-7-UC-60,0,0.0279,0.0280,0.0281,NA,0.0142,0.0052,0.0097
or-100-10-8,0,NA,NA,NA,NA,NA,NA,NA
or-100-10-8-UC-10,0,18.6487,51.8677,1.9435,NA,0.0112,0.0055,0.0853
or-100-10-8-UC-20,0,0.0791,0.2566,0.0343,NA,0.0143,0.0054,0.0104
or-100-10-8-UC-30,0,0.0301,0.0650,0.0298,NA,0.0143,0.0054,0.0103
or-100-10-8-UC-40,0,0.0280,0.0281,0.0282,NA,0.0143,0.0053,0.0097
or-100-10-8-UC-50,0,0.0278,0.0280,0.0284,NA,0.0143,0.0053,0.0097
or-100-10-8-UC-60,0,0.0280,0.0280,0.0282,NA,0.0143,0.0053,0.0097
or-100-10-9,0,NA,NA,NA,NA,NA,NA,NA
or-100-10-9-UC-10,0,NA,NA,NA,NA,NA,NA,NA
or-100-10-9-UC-20,0,1.4740,3.1517,0.1379,NA,0.0149,0.0054,0.1010
or-100-10-9-UC-30,0,0.0941,0.2761,0.0347,NA,0.0151,0.0053,0.0158
or-100-10-9-UC-40,0,0.0303,0.0734,0.0297,NA,0.0143,0.0053,0.0134
or-100-10-9-UC-50,0,0.0279,0.0281,0.0284,NA,0.0142,0.0052,0.0100
or-100-10-9-UC-60,0,0.0279,0.0280,0.0282,NA,0.0150,0.0053,0.0097
or-100-20-1,0,NA,NA,NA,NA,NA,NA,NA
or-100-20-1-UC-10,0,NA,NA,NA,NA,NA,NA,NA
or-100-20-1-UC-20,0,40.0915,NA,3.3311,NA,0.0150,0.0054,0.2002
or-100-20-1-UC-30,0,36.4573,NA,2.9867,NA,0.0151,0.0053,0.0720
or-100-20-1-UC-40,0,0.0288,0.0600,0.0295,NA,0.0143,0.0052,0.0124
or-100-20-1-UC-50,0,0.0278,0.0280,0.0281,NA,0.0143,0.0052,0.0097
or-100-20-1-UC-60,0,0.0279,0.0280,0.0282,NA,0.0143,0.0052,0.0098
or-100-20-10,0,NA,NA,NA,NA,NA,NA,NA
or-100-20-10-UC-10,0,NA,NA,NA,NA,NA,NA,NA
or-100-20-10-UC-20,0,6.7794,15.3472,0.5282,NA,0.0149,0.0053,0.1654
or-100-20-10-UC-30,0,0.2100,0.4344,0.0400,NA,0.0142,0.0052,0.0397
or-100-20-10-UC-40,0,0.0939,0.2315,0.0337,NA,0.0142,0.0053,0.0274
or-100-20-10-UC-50,0,0.0282,0.0289,0.0285,NA,0.0143,0.0053,0.0107
or-100-20-10-UC-60,0,0.0279,0.0281,0.0282,NA,0.0149,0.0052,0.0102
or-100-20-2,0,NA,NA,NA,NA,NA,NA,NA
or-100-20-2-UC-10,0,46.0439,NA,3.6242,NA,0.0148,0.0054,0.2241
or-100-20-2-UC-20,0,4.1973,14.9899,0.4997,NA,0.0149,0.0054,0.1546
or-100-20-2-UC-30,0,0.6513,1.3142,0.0700,NA,0.0149,0.0054,0.1619
or-100-20-2-UC-40,0,0.0280,0.0281,0.0285,NA,0.0148,0.0052,0.0103
or-100-20-2-UC-50,0,2.1015,8.0601,0.2940,NA,0.0151,0.0053,0.1497
or-100-20-2-UC-60,0,0.4272,1.2314,0.0677,NA,0.0147,0.0053,0.1034
or-100-20-3,0,NA,NA,NA,NA,NA,NA,NA
or-100-20-3-UC-10,0,NA,NA,NA,NA,NA,NA,NA
or-100-20-3-UC-20,0,NA,NA,NA,NA,NA,NA,NA
or-100-20-3-UC-30,0,1.9292,5.9002,0.2253,NA,0.0152,0.0054,0.2007
or-100-20-3-UC-40,0,0.1825,0.4421,0.0403,NA,0.0149,0.0053,0.0343
or-100-20-3-UC-50,0,0.0279,0.0280,0.0283,NA,0.0110,0.0053,0.0097
or-100-20-3-UC-60,0,0.0278,0.0279,0.0280,NA,0.0110,0.0052,0.0097
or-100-20-4,0,NA,NA,NA,NA,NA,NA,NA
or-100-20-4-UC-10,0,NA,NA,6.5100,NA,0.0143,0.0054,0.0132
or-100-20-4-UC-20,0,1.3216,3.2476,0.1279,NA,0.0143,0.0052,0.1773
or-100-20-4-UC-30,0,3.3507,10.0560,0.3701,NA,0.0142,0.0053,0.2920
or-100-20-4-UC-40,0,0.1178,0.2891,0.0356,NA,0.0143,0.0054,0.0328
or-100-20-4-UC-50,0,0.0281,0.0283,0.0285,NA,0.0147,0.0053,0.0107
or-100-20-4-UC-60,0,0.0280,0.0280,0.0283,NA,0.0143,0.0053,0.0102
or-100-20-5,0,NA,NA,NA,NA,NA,NA,NA
or-100-20-5-UC-10,0,NA,NA,NA,NA,NA,NA,NA
or-100-20-5-UC-20,0,7.3269,18.5862,0.6138,NA,0.0142,0.0054,0.2147
or-100-20-5-UC-30,0,0.7020,2.0749,0.0957,NA,0.0150,0.0054,0.1399
or-100-20-5-UC-40,0,0.0285,0.0325,0.0285,NA,0.0148,0.0052,0.0158
or-100-20-5-UC-50,0,0.0279,0.0281,0.0281,NA,0.0143,0.0053,0.0100
or-100-20-5-UC-60,0,0.0279,0.0280,0.0282,NA,0.0143,0.0053,0.0097
or-100-20-6,0,NA,NA,NA,NA,NA,NA,NA
or-100-20-6-UC-10,0,NA,NA,NA,NA,NA,NA,NA
or-100-20-6-UC-20,0,6.4994,25.3834,0.9170,NA,0.0150,0.0054,1.1077
or-100-20-6-UC-30,0,0.0902,0.1956,0.0333,NA,0.0143,0.0053,0.0298
or-100-20-6-UC-40,0,0.0309,0.0583,0.0296,NA,0.0150,0.0053,0.0127
or-100-20-6-UC-50,0,0.0284,0.0283,0.0286,NA,0.0149,0.0053,0.0103
or-100-20-6-UC-60,0,0.0280,0.0279,0.0283,NA,0.0133,0.0052,0.0097
or-100-20-7,0,NA,NA,NA,NA,NA,NA,NA
or-100-20-7-UC-10,0,68.4087,NA,8.4738,NA,0.0143,0.0054,0.0750
or-100-20-7-UC-20,0,5.4606,11.4516,0.4277,NA,0.0150,0.0053,0.2881
or-100-20-7-UC-30,0,0.1965,0.4945,0.0407,NA,0.0150,0.0053,0.0270
or-100-20-7-UC-40,0,0.2285,0.5359,0.0429,NA,0.0151,0.0053,0.0142
or-100-20-7-UC-50,0,0.0285,0.0425,0.0290,NA,0.0150,0.0052,0.0109
or-100-20-7-UC-60,0,0.0279,0.0280,0.0284,NA,0.0149,0.0052,0.0097
or-100-20-8,0,NA,NA,NA,NA,NA,NA,NA
or-100-20-8-UC-10,0,NA,NA,NA,NA,NA,NA,NA
or-100-20-8-UC-20,0,3.8363,8.8477,0.3320,NA,0.0152,0.0054,0.0263
or-100-20-8-UC-30,0,0.6170,1.4360,0.0706,NA,0.0150,0.0054,0.1364
or-100-20-8-UC-40,0,0.1163,0.2719,0.0349,NA,0.0149,0.0053,0.0184
or-100-20-8-UC-50,0,0.0280,0.0280,0.0283,NA,0.0142,0.0052,0.0103
or-100-20-8-UC-60,0,0.0278,0.0281,0.0284,NA,0.0143,0.0053,0.0099
or-100-20-9,0,NA,NA,NA,NA,NA,NA,NA
or-100-20-9-UC-10,0,NA,NA,NA,NA,NA,NA,NA
or-100-20-9-UC-20,0,3.0413,7.0510,0.2706,NA,0.0143,0.0055,0.1899
or-100-20-9-UC-30,0,0.2290,0.9071,0.0527,NA,0.0150,0.0054,0.0179
or-100-20-9-UC-40,0,0.0280,0.0280,0.0283,NA,0.0148,0.0052,0.0097
or-100-20-9-UC-50,0,0.0278,0.0279,0.0283,NA,0.0143,0.0052,0.0097
or-100-20-9-UC-60,0,0.0279,0.0279,0.0281,NA,0.0143,0.0052,0.0097
or-100-5-1,0,NA,NA,NA,NA,NA,NA,NA
or-100-5-1-UC-10,0,1.4523,3.6171,0.1405,NA,0.0111,0.0054,0.1605
or-100-5-1-UC-20,0,0.0288,0.0399,0.0289,NA,0.0143,0.0052,0.0100
or-100-5-1-UC-30,0,0.0278,0.0279,0.0283,NA,0.0111,0.0054,0.0097
or-100-5-1-UC-40,0,0.0279,0.0280,0.0281,NA,0.0110,0.0090,0.0097
or-100-5-1-UC-50,0,0.0278,0.0279,0.0281,NA,0.0137,0.0089,0.0097
or-100-5-1-UC-60,0,0.0277,0.0279,0.0283,NA,0.0105,0.0054,0.0097
or-100-5-10,0,NA,NA,NA,NA,NA,NA,NA
or-100-5-10-UC-10,0,7.1335,17.5008,0.6181,NA,0.0111,0.0090,0.0297
or-100-5-10-UC-20,0,0.0285,0.0377,0.0290,NA,0.0110,0.0054,0.0101
or-100-5-10-UC-30,0,0.0279,0.0280,0.0281,NA,0.0110,0.0090,0.0097
or-100-5-10-UC-40,0,0.0278,0.0280,0.0281,NA,0.0137,0.0054,0.0097
or-100-5-10-UC-50,0,0.0278,0.0280,0.0280,NA,0.0137,0.0089,0.0097
or-100-5-10-UC-60,0,0.0279,0.0278,0.0283,NA,0.0105,0.0054,0.0097
or-100-5-2,0,NA,NA,NA,NA,NA,NA,NA
or-100-5-2-UC-10,0,21.9765,52.6384,1.8361,NA,0.0143,0.0054,0.2292
or-100-5-2-UC-20,0,0.0805,0.2046,0.0336,NA,0.0150,0.0054,0.0106
or-100-5-2-UC-30,0,0.0287,0.0366,0.0291,NA,0.0143,0.0053,0.0101
or-100-5-2-UC-40,0,0.0280,0.0281,0.0282,NA,0.0143,0.0053,0.0097
or-100-5-2-UC-50,0,0.0280,0.0279,0.0281,NA,0.0142,0.0052,0.0097
or-100-5-2-UC-60,0,0.0279,0.0279,0.0282,NA,0.0110,0.0052,0.0097
or-100-5-3,0,NA,NA,NA,NA,NA,NA,NA
or-100-5-3-UC-10,0,0.0732,0.1631,0.0324,NA,0.0111,0.0089,0.0183
or-100-5-3-UC-20,0,0.0279,0.0280,0.0281,NA,0.0108,0.0055,0.0099
or-100-5-3-UC-30,0,0.0279,0.0279,0.0282,NA,0.0110,0.0055,0.0099
or-100-5-3-UC-40,0,0.0279,0.0280,0.0281,NA,0.0110,0.0052,0.0098
or-100-5-3-UC-50,0,0.0278,0.0280,0.0283,NA,0.0110,0.0088,0.0097
or-100-5-3-UC-60,0,0.0279,0.0280,0.0282,NA,0.0137,0.0053,0.0097
or-100-5-4,0,NA,NA,NA,NA,NA,NA,NA
or-100-5-4-UC-10,0,38.7143,NA,3.1514,NA,0.0143,0.0054,0.0319
or-100-5-4-UC-20,0,10.9249,24.6284,0.8752,NA,0.0143,0.0054,0.2147
or-100-5-4-UC-30,0,0.0283,0.0282,0.0285,NA,0.0149,0.0052,0.0101
or-100-5-4-UC-40,0,0.0279,0.0281,0.0282,NA,0.0150,0.0053,0.0097
or-100-5-4-UC-50,0,0.0278,0.0279,0.0283,NA,0.0143,0.0052,0.0097
or-100-5-4-UC-60,0,0.0279,0.0280,0.0281,NA,0.0135,0.0052,0.0097
or-100-5-5,0,NA,NA,NA,NA,NA,NA,NA
or-100-5-5-UC-10,0,NA,NA,NA,NA,NA,NA,NA
or-100-5-5-UC-20,0,0.1854,0.4268,0.0403,NA,0.0142,0.0054,0.0289
or-100-5-5-UC-30,0,0.0280,0.0282,0.0284,NA,0.0142,0.0053,0.0102
or-100-5-5-UC-40,0,0.0278,0.0280,0.0284,NA,0.0142,0.0051,0.0097
or-100-5-5-UC-50,0,0.0280,0.0279,0.0281,NA,0.0138,0.0052,0.0097
or-100-5-5-UC-60,0,0.0278,0.0279,0.0283,NA,0.0142,0.0052,0.0097
or-100-5-6,0,NA,NA,NA,NA,NA,NA,NA
or-100-5-6-UC-10,0,0.6042,1.3354,0.0682,NA,0.0111,0.0086,0.1511
or-100-5-6-UC-20,0,0.0280,0.0281,0.0283,NA,0.0110,0.0089,0.0108
or-100-5-6-UC-30,0,0.0280,0.0280,0.0281,NA,0.0109,0.0054,0.0097
or-100-5-6-UC-40,0,0.0278,0.0278,0.0281,NA,0.0110,0.0089,0.0097
or-100-5-6-UC-50,0,0.0278,0.0280,0.0283,NA,0.0109,0.0053,0.0097
or-100-5-6-UC-60,0,0.0279,0.0278,0.0283,NA,0.0137,0.0054,0.0097
or-100-5-7,0,NA,NA,NA,NA,NA,NA,NA
or-100-5-7-UC-10,0,7.1606,18.1668,0.6089,NA,0.0111,0.0091,0.2509
or-100-5-7-UC-20,0,0.3965,0.9123,0.0549,NA,0.0147,0.0054,0.0171
or-100-5-7-UC-30,0,0.0279,0.0280,0.0283,NA,0.0143,0.0053,0.0099
or-100-5-7-UC-40,0,0.0280,0.0279,0.0283,NA,0.0140,0.0051,0.0097
or-100-5-7-UC-50,0,0.0278,0.0280,0.0281,NA,0.0110,0.0051,0.0097
or-100-5-7-UC-60,0,0.0278,0.0279,0.0282,NA,0.0137,0.0054,0.0097
or-100-5-8,0,NA,NA,NA,NA,NA,NA,NA
or-100-5-8-UC-10,0,NA,NA,NA,NA,NA,NA,NA
or-100-5-8-UC-20,0,0.1155,0.3016,0.0353,NA,0.0144,0.0054,0.0115
or-100-5-8-UC-30,0,0.0280,0.0279,0.0283,NA,0.0110,0.0053,0.0097
or-100-5-8-UC-40,0,0.0279,0.0279,0.0281,NA,0.0110,0.0089,0.0097
or-100-5-8-UC-50,0,0.0279,0.0279,0.0283,NA,0.0135,0.0081,0.0097
or-100-5-8-UC-60,0,0.0279,0.0280,0.0283,NA,0.0104,0.0053,0.0097
or-100-5-9,0,NA,NA,NA,NA,NA,NA,NA
or-100-5-9-UC-10,0,4.6423,11.5431,0.4086,NA,0.0111,0.0054,0.1733
or-100-5-9-UC-20,0,0.0512,0.1309,0.0312,NA,0.0110,0.0054,0.0116
or-100-5-9-UC-30,0,0.0280,0.0280,0.0283,NA,0.0111,0.0054,0.0097
or-100-5-9-UC-40,0,0.0279,0.0281,0.0283,NA,0.0118,0.0089,0.0097
or-100-5-9-UC-50,0,0.0279,0.0278,0.0281,NA,0.0136,0.0053,0.0097
or-100-5-9-UC-60,0,0.0279,0.0279,0.0282,NA,0.0135,0.0054,0.0097
or-50-10-1,0,1.4219,2.8506,0.1125,NA,0.0108,0.0052,0.1662
or-50-10-1-UC-10,0,0.0830,0.1724,0.0326,NA,0.0108,0.0088,0.0191
or-50-10-1-UC-20,0,0.0278,0.0280,0.0281,NA,0.0108,0.0089,0.0097
or-50-10-1-UC-30,0,0.0278,0.0279,0.0281,NA,0.0140,0.0051,0.0097
or-50-10-1-UC-40,0,0.0278,0.0279,0.0280,NA,0.0134,0.0053,0.0097
or-50-10-10,0,1.8376,3.9924,0.1432,NA,0.0139,0.0054,0.3315
or-50-10-10-UC-10,0,0.0281,0.0280,0.0285,NA,0.0108,0.0089,0.0100
or-50-10-10-UC-20,0,0.0279,0.0278,0.0283,NA,0.0108,0.0053,0.0097
or-50-10-10-UC-30,0,0.0279,0.0279,0.0280,NA,0.0108,0.0052,0.0097
or-50-10-10-UC-40,0,0.0277,0.0278,0.0281,NA,0.0132,0.0088,0.0097
or-50-10-2,0,0.4487,0.9102,0.0529,NA,0.0109,0.0090,0.2579
or-50-10-2-UC-10,0,0.0280,0.0279,0.0282,NA,0.0108,0.0052,0.0101
or-50-10-2-UC-20,0,0.0279,0.0279,0.0282,NA,0.0108,0.0051,0.0097
or-50-10-2-UC-30,0,0.0278,0.0280,0.0282,NA,0.0108,0.0052,0.0097
or-50-10-2-UC-40,0,0.0278,0.0279,0.0281,NA,0.0108,0.0052,0.0097
or-50-10-3,0,1.0432,2.0773,0.0882,NA,0.0109,0.0054,0.0553
or-50-10-3-UC-10,0,0.0301,0.0447,0.0288,NA,0.0138,0.0052,0.0158
or-50-10-3-UC-20,0,0.0285,0.0352,0.0287,NA,0.0140,0.0051,0.0117
or-50-10-3-UC-30,0,0.0277,0.0280,0.0282,NA,0.0140,0.0051,0.0098
or-50-10-3-UC-40,0,0.0278,0.0278,0.0280,NA,0.0116,0.0089,0.0097
or-50-10-4,0,1.0838,2.1067,0.0911,NA,0.0139,0.0054,0.0386
or-50-10-4-UC-10,0,0.0438,0.0901,0.0301,NA,0.0139,0.0088,0.0166
or-50-10-4-UC-20,0,0.0282,0.0283,0.0285,NA,0.0139,0.0088,0.0102
or-50-10-4-UC-30,0,0.0278,0.0280,0.0283,NA,0.0140,0.0052,0.0097
or-50-10-4-UC-40,0,0.0280,0.0280,0.0281,NA,0.0139,0.0052,0.0097
or-50-10-5,0,0.8885,1.9112,0.0823,NA,0.0139,0.0052,0.1724
or-50-10-5-UC-10,0,0.0664,0.1210,0.0311,NA,0.0139,0.0052,0.0116
or-50-10-5-UC-20,0,0.0332,0.0553,0.0289,NA,0.0138,0.0052,0.0114
or-50-10-5-UC-30,0,0.0281,0.0282,0.0284,NA,0.0139,0.0052,0.0111
or-50-10-5-UC-40,0,0.0279,0.0279,0.0283,NA,0.0139,0.0088,0.0098
or-50-10-6,0,1.5478,3.2118,0.1211,NA,0.0139,0.0055,0.0475
or-50-10-6-UC-10,0,0.0554,0.1061,0.0304,NA,0.0108,0.0089,0.0109
or-50-10-6-UC-20,0,0.0281,0.0281,0.0284,NA,0.0108,0.0052,0.0100
or-50-10-6-UC-30,0,0.0279,0.0281,0.0284,NA,0.0138,0.0052,0.0112
or-50-10-6-UC-40,0,0.0278,0.0279,0.0280,NA,0.0136,0.0089,0.0097
or-50-10-7,0,1.1110,2.4246,0.0959,NA,0.0108,0.0054,0.1152
or-50-10-7-UC-10,0,0.5658,1.0511,0.0591,NA,0.0139,0.0052,0.1296
or-50-10-7-UC-20,0,0.0282,0.0283,0.0285,NA,0.0139,0.0051,0.0099
or-50-10-7-UC-30,0,0.0278,0.0279,0.0281,NA,0.0138,0.0053,0.0097
or-50-10-7-UC-40,0,0.0278,0.0279,0.0280,NA,0.0133,0.0089,0.0097
or-50-10-8,0,1.6557,3.2826,0.1237,4.1859,0.0108,0.0054,0.2054
or-50-10-8-UC-10,0,0.0279,0.0280,0.0281,NA,0.0108,0.0089,0.0097
or-50-10-8-UC-20,0,0.0277,0.0279,0.0281,NA,0.0106,0.0089,0.0097
or-50-10-8-UC-30,0,0.0279,0.0280,0.0280,NA,0.0133,0.0088,0.0097
or-50-10-8-UC-40,0,0.0278,0.0277,0.0282,NA,0.0130,0.0089,0.0097
or-50-10-9,0,1.2797,2.5249,0.1021,NA,0.0138,0.0054,0.1742
or-50-10-9-UC-10,0,0.0641,0.1193,0.0312,NA,0.0124,0.0053,0.0249
or-50-10-9-UC-20,0,0.0282,0.0282,0.0284,NA,0.0108,0.0089,0.0099
or-50-10-9-UC-30,0,0.0279,0.0279,0.0280,NA,0.0107,0.0053,0.0097
or-50-10-9-UC-40,0,0.0278,0.0278,0.0280,NA,0.0140,0.0052,0.0097
or-50-20-1,0,1.4661,3.1896,0.1192,2.4870,0.0139,0.0053,0.3625
or-50-20-1-UC-10,0,0.4112,0.8826,0.0513,NA,0.0147,0.0053,0.2510
or-50-20-1-UC-20,0,0.0286,0.0512,0.0291,NA,0.0140,0.0052,0.0138
or-50-20-1-UC-30,0,0.0278,0.0279,0.0282,NA,0.0139,0.0052,0.0103
or-50-20-1-UC-40,0,0.0280,0.0279,0.0281,NA,0.0138,0.0051,0.0098
or-50-20-10,0,1.9042,3.8882,0.1425,NA,0.0138,0.0054,0.1336
or-50-20-10-UC-10,0,0.0933,0.2025,0.0327,NA,0.0139,0.0052,0.0202
or-50-20-10-UC-20,0,0.0435,0.0777,0.0300,NA,0.0139,0.0052,0.0196
or-50-20-10-UC-30,0,0.0280,0.0279,0.0282,NA,0.0141,0.0051,0.0133
or-50-20-10-UC-40,0,0.0279,0.0279,0.0281,NA,0.0139,0.0051,0.0103
or-50-20-2,0,0.7470,1.5818,0.0729,NA,0.0137,0.0054,0.0961
or-50-20-2-UC-10,0,0.7338,1.5911,0.0731,NA,0.0140,0.0053,0.0894
or-50-20-2-UC-20,0,0.0596,0.1203,0.0309,NA,0.0139,0.0052,0.0142
or-50-20-2-UC-30,0,0.0280,0.0280,0.0283,NA,0.0139,0.0052,0.0102
or-50-20-2-UC-40,0,0.0279,0.0281,0.0282,NA,0.0139,0.0051,0.0102
or-50-20-3,0,2.2739,4.7585,0.1645,NA,0.0137,0.0054,0.1034
or-50-20-3-UC-10,0,0.2298,0.4917,0.0408,NA,0.0147,0.0053,0.1947
or-50-20-3-UC-20,0,0.0278,0.0281,0.0283,NA,0.0147,0.0052,0.0100
or-50-20-3-UC-30,0,0.0278,0.0280,0.0281,NA,0.0140,0.0052,0.0098
or-50-20-3-UC-40,0,0.0278,0.0279,0.0281,NA,0.0139,0.0052,0.0097
or-50-20-4,0,0.4462,0.9898,0.0552,NA,0.0109,0.0088,0.0204
or-50-20-4-UC-10,0,0.0288,0.0435,0.0291,NA,0.0108,0.0052,0.0136
or-50-20-4-UC-20,0,0.0280,0.0281,0.0282,NA,0.0139,0.0051,0.0111
or-50-20-4-UC-30,0,0.0280,0.0280,0.0283,NA,0.0142,0.0053,0.0113
or-50-20-4-UC-40,0,0.0278,0.0279,0.0280,NA,0.0138,0.0052,0.0101
or-50-20-5,0,1.4415,3.2317,0.1198,NA,0.0140,0.0052,0.0415
or-50-20-5-UC-10,0,0.1645,0.3277,0.0360,NA,0.0139,0.0053,0.0475
or-50-20-5-UC-20,0,0.0522,0.1234,0.0307,NA,0.0139,0.0053,0.0190
or-50-20-5-UC-30,0,0.0280,0.0280,0.0282,NA,0.0140,0.0051,0.0105
or-50-20-5-UC-40,0,0.0280,0.0280,0.0281,NA,0.0138,0.0052,0.0102
or-50-20-6,0,1.4336,3.2392,0.1133,NA,0.0108,0.0083,0.1704
or-50-20-6-UC-10,0,0.0747,0.1716,0.0317,NA,0.0138,0.0052,0.0575
or-50-20-6-UC-20,0,0.0282,0.0296,0.0284,NA,0.0145,0.0053,0.0102
or-50-20-6-UC-30,0,0.0280,0.0281,0.0280,NA,0.0139,0.0052,0.0101
or-50-20-6-UC-40,0,0.0279,0.0278,0.0283,NA,0.0139,0.0051,0.0097
or-50-20-7,0,1.9896,4.0239,0.1458,NA,0.0107,0.0055,0.0821
or-50-20-7-UC-10,0,0.0549,0.1171,0.0307,NA,0.0139,0.0053,0.0154
or-50-20-7-UC-20,0,0.0280,0.0282,0.0284,NA,0.0107,0.0051,0.0104
or-50-20-7-UC-30,0,0.0278,0.0280,0.0280,NA,0.0138,0.0052,0.0098
or-50-20-7-UC-40,0,0.0279,0.0280,0.0283,NA,0.0107,0.0052,0.0098
or-50-20-8,0,0.8226,1.7199,0.0780,1.9725,0.0139,0.0054,0.3036
or-50-20-8-UC-10,0,0.0322,0.0639,0.0296,NA,0.0108,0.0090,0.0103
or-50-20-8-UC-20,0,0.0280,0.0280,0.0282,NA,0.0107,0.0052,0.0103
or-50-20-8-UC-30,0,0.0278,0.0279,0.0281,NA,0.0139,0.0052,0.0097
or-50-20-8-UC-40,0,0.0278,0.0279,0.0281,NA,0.0139,0.0051,0.0098
or-50-20-9,0,2.4503,5.1131,0.1803,NA,0.0108,0.0054,0.0434
or-50-20-9-UC-10,0,0.1814,0.6626,0.0463,NA,0.0138,0.0053,0.1392
or-50-20-9-UC-20,0,0.0280,0.0281,0.0284,NA,0.0138,0.0089,0.0099
or-50-20-9-UC-30,0,0.0278,0.0278,0.0280,NA,0.0138,0.0088,0.0097
or-50-20-9-UC-40,0,0.0279,0.0279,0.0280,NA,0.0138,0.0052,0.0097
or-50-5-1,0,0.6449,1.3864,0.0649,NA,0.0139,0.0052,0.0392
or-50-5-1-UC-10,0,0.0306,0.0619,0.0294,NA,0.0108,0.0088,0.0101
or-50-5-1-UC-20,0,0.0278,0.0281,0.0281,NA,0.0107,0.0090,0.0097
or-50-5-1-UC-30,0,0.0279,0.0278,0.0280,NA,0.0132,0.0088,0.0097
or-50-5-1-UC-40,0,0.0278,0.0278,0.0280,NA,0.0133,0.0054,0.0097
or-50-5-10,0,0.8112,1.7046,0.0759,1.2865,0.0108,0.0055,0.0348
or-50-5-10-UC-10,0,0.0281,0.0283,0.0284,NA,0.0108,0.0053,0.0102
or-50-5-10-UC-20,0,0.0278,0.0279,0.0281,NA,0.0108,0.0088,0.0097
or-50-5-10-UC-30,0,0.0278,0.0278,0.0282,NA,0.0133,0.0088,0.0097
or-50-5-10-UC-40,0,0.0278,0.0279,0.0283,NA,0.0133,0.0053,0.0097
or-50-5-2,0,4.1184,8.5403,0.2905,NA,0.0107,0.0054,0.1747
or-50-5-2-UC-10,0,0.3327,0.6750,0.0463,NA,0.0122,0.0052,0.1696
or-50-5-2-UC-20,0,0.0282,0.0282,0.0285,NA,0.0108,0.0053,0.0103
or-50-5-2-UC-30,0,0.0278,0.0279,0.0283,NA,0.0133,0.0089,0.0097
or-50-5-2-UC-40,0,0.0278,0.0279,0.0281,NA,0.0113,0.0053,0.0097
or-50-5-3,0,0.9476,1.9330,0.0828,NA,0.0138,0.0053,0.1543
or-50-5-3-UC-10,0,0.0280,0.0280,0.0281,NA,0.0108,0.0052,0.0100
or-50-5-3-UC-20,0,0.0279,0.0279,0.0282,NA,0.0139,0.0050,0.0097
or-50-5-3-UC-30,0,0.0278,0.0279,0.0281,NA,0.0132,0.0051,0.0097
or-50-5-3-UC-40,0,0.0277,0.0278,0.0282,NA,0.0107,0.0086,0.0097
or-50-5-4,0,1.7450,3.5648,0.1304,NA,0.0139,0.0055,0.2770
or-50-5-4-UC-10,0,0.2759,0.6014,0.0440,NA,0.0139,0.0080,0.0211
or-50-5-4-UC-20,0,0.0803,0.1774,0.0319,NA,0.0147,0.0052,0.0131
or-50-5-4-UC-30,0,0.0280,0.0279,0.0282,NA,0.0139,0.0051,0.0100
or-50-5-4-UC-40,0,0.0279,0.0280,0.0282,NA,0.0139,0.0051,0.0097
or-50-5-5,0,1.9531,3.7026,0.1389,2.1210,0.0108,0.0053,0.3040
or-50-5-5-UC-10,0,0.3295,0.6962,0.0470,NA,0.0139,0.0051,0.0333
or-50-5-5-UC-20,0,0.0278,0.0281,0.0283,NA,0.0108,0.0052,0.0102
or-50-5-5-UC-30,0,0.0278,0.0279,0.0281,NA,0.0108,0.0089,0.0097
or-50-5-5-UC-40,0,0.0278,0.0278,0.0280,NA,0.0102,0.0053,0.0097
or-50-5-6,0,0.9777,2.0035,0.0858,NA,0.0138,0.0053,0.1915
or-50-5-6-UC-10,0,0.0280,0.0280,0.0282,NA,0.0107,0.0090,0.0098
or-50-5-6-UC-20,0,0.0279,0.0280,0.0282,NA,0.0106,0.0088,0.0097
or-50-5-6-UC-30,0,0.0277,0.0279,0.0281,NA,0.0132,0.0088,0.0097
or-50-5-6-UC-40,0,0.0278,0.0278,0.0280,NA,0.0102,0.0054,0.0097
or-50-5-7,0,2.2013,4.4710,0.1556,4.4946,0.0107,0.0089,0.1143
or-50-5-7-UC-10,0,0.2477,0.5933,0.0425,NA,0.0137,0.0053,0.0646
or-50-5-7-UC-20,0,0.0278,0.0280,0.0282,NA,0.0107,0.0051,0.0098
or-50-5-7-UC-30,0,0.0278,0.0278,0.0283,NA,0.0140,0.0088,0.0097
or-50-5-7-UC-40,0,0.0278,0.0279,0.0283,NA,0.0139,0.0088,0.0097
or-50-5-8,0,2.5807,5.1680,0.1794,NA,0.0137,0.0055,0.2130
or-50-5-8-UC-10,0,0.0730,0.1304,0.0313,NA,0.0137,0.0088,0.0163
or-50-5-8-UC-20,0,0.0279,0.0280,0.0283,NA,0.0140,0.0052,0.0108
or-50-5-8-UC-30,0,0.0279,0.0278,0.0281,NA,0.0139,0.0052,0.0097
or-50-5-8-UC-40,0,0.0277,0.0279,0.0282,NA,0.0134,0.0053,0.0097
or-50-5-9,0,2.2745,4.8232,0.1671,NA,0.0108,0.0088,0.0262
or-50-5-9-UC-10,0,0.0697,0.1636,0.0319,NA,0.0108,0.0089,0.0103
or-50-5-9-UC-20,0,0.0282,0.0283,0.0283,NA,0.0122,0.0052,0.0102
or-50-5-9-UC-30,0,0.0278,0.0278,0.0280,NA,0.0124,0.0087,0.0097
or-50-5-9-UC-40,0,0.0278,0.0279,0.0281,NA,0.0134,0.0088,0.0097
or-60-10-1,0,17.3912,36.7256,1.1871,NA,0.0147,0.0054,0.0541
or-60-10-1-UC-10,0,0.5735,1.1849,0.0622,NA,0.0147,0.0053,0.3176
or-60-10-1-UC-20,0,0.1473,0.2876,0.0355,NA,0.0109,0.0089,0.0104
or-60-10-1-UC-30,0,0.0282,0.0282,0.0285,NA,0.0140,0.0051,0.0103
or-60-10-1-UC-40,0,0.0281,0.0279,0.0282,NA,0.0148,0.0052,0.0107
or-60-10-10,0,3.5902,7.9204,0.2586,NA,0.0109,0.0052,0.0504
or-60-10-10-UC-10,0,0.7003,1.5897,0.0716,NA,0.0141,0.0052,0.0578
or-60-10-10-UC-20,0,0.0280,0.0284,0.0284,NA,0.0140,0.0051,0.0106
or-60-10-10-UC-30,0,0.0278,0.0280,0.0280,NA,0.0140,0.0053,0.0097
or-60-10-10-UC-40,0,0.0278,0.0278,0.0282,NA,0.0109,0.0052,0.0097
or-60-10-2,0,8.6707,19.4274,0.6242,NA,0.0139,0.0055,0.0274
or-60-10-2-UC-10,0,0.3329,0.6895,0.0472,NA,0.0140,0.0052,0.0526
or-60-10-2-UC-20,0,0.0305,0.1151,0.0307,NA,0.0140,0.0052,0.0182
or-60-10-2-UC-30,0,0.0278,0.0279,0.0281,NA,0.0147,0.0051,0.0097
or-60-10-2-UC-40,0,0.0278,0.0279,0.0282,NA,0.0139,0.0052,0.0097
or-60-10-3,0,10.2145,22.8314,0.7218,NA,0.0139,0.0055,0.0169
or-60-10-3-UC-10,0,1.8293,3.9721,0.1400,NA,0.0109,0.0053,0.0409
or-60-10-3-UC-20,0,0.0685,0.1520,0.0314,NA,0.0140,0.0052,0.0199
or-60-10-3-UC-30,0,0.0282,0.0383,0.0286,NA,0.0148,0.0051,0.0106
or-60-10-3-UC-40,0,0.0279,0.0279,0.0281,NA,0.0141,0.0052,0.0099
or-60-10-4,0,11.3665,23.8598,0.7750,NA,0.0140,0.0052,0.0562
or-60-10-4-UC-10,0,0.1246,0.3004,0.0352,NA,0.0108,0.0052,0.0239
or-60-10-4-UC-20,0,0.0278,0.0280,0.0283,NA,0.0106,0.0055,0.0098
or-60-10-4-UC-30,0,0.0278,0.0279,0.0281,NA,0.0109,0.0089,0.0097
or-60-10-4-UC-40,0,0.0280,0.0279,0.0282,NA,0.0133,0.0053,0.0097
or-60-10-5,0,4.7551,11.5804,0.3504,NA,0.0138,0.0089,0.0105
or-60-10-5-UC-10,0,0.0526,0.1217,0.0306,NA,0.0140,0.0053,0.0129
or-60-10-5-UC-20,0,0.0279,0.0279,0.0283,NA,0.0140,0.0052,0.0098
or-60-10-5-UC-30,0,0.0278,0.0279,0.0283,NA,0.0140,0.0052,0.0097
or-60-10-5-UC-40,0,0.0278,0.0279,0.0280,NA,0.0139,0.0052,0.0097
or-60-10-6,0,6.6166,15.0791,0.4874,NA,0.0109,0.0054,0.0879
or-60-10-6-UC-10,0,1.3256,2.8699,0.1133,NA,0.0140,0.0053,0.0418
or-60-10-6-UC-20,0,0.0279,0.0280,0.0282,NA,0.0109,0.0052,0.0098
or-60-10-6-UC-30,0,0.0277,0.0279,0.0281,NA,0.0109,0.0052,0.0097
or-60-10-6-UC-40,0,0.0278,0.0280,0.0282,NA,0.0109,0.0053,0.0097
or-60-10-7,0,16.0617,35.5312,1.1112,NA,0.0109,0.0055,0.2567
or-60-10-7-UC-10,0,0.0958,0.1833,0.0329,NA,0.0109,0.0052,0.0202
or-60-10-7-UC-20,0,0.0279,0.0279,0.0281,NA,0.0108,0.0089,0.0101
or-60-10-7-UC-30,0,0.0278,0.0279,0.0281,NA,0.0109,0.0052,0.0097
or-60-10-7-UC-40,0,0.0278,0.0279,0.0280,NA,0.0134,0.0054,0.0097
or-60-10-8,0,12.4529,27.5224,0.9109,0.8348,0.0140,0.0090,0.2745
or-60-10-8-UC-10,0,0.0282,0.0283,0.0284,NA,0.0108,0.0053,0.0100
or-60-10-8-UC-20,0,0.0280,0.0284,0.0284,NA,0.0109,0.0051,0.0098
or-60-10-8-UC-30,0,0.0278,0.0279,0.0280,NA,0.0109,0.0052,0.0097
or-60-10-8-UC-40,0,0.0278,0.0277,0.0280,NA,0.0133,0.0089,0.0097
or-60-10-9,0,9.8374,22.1997,0.7158,NA,0.0138,0.0056,0.1140
or-60-10-9-UC-10,0,0.0593,0.1267,0.0310,NA,0.0109,0.0054,0.0105
or-60-10-9-UC-20,0,0.0279,0.0280,0.0282,NA,0.0108,0.0053,0.0099
or-60-10-9-UC-30,0,0.0279,0.0279,0.0282,NA,0.0109,0.0089,0.0097
or-60-10-9-UC-40,0,0.0279,0.0279,0.0281,NA,0.0134,0.0054,0.0097
or-60-20-1,0,4.1169,9.5476,0.3172,NA,0.0147,0.0052,0.2237
or-60-20-1-UC-10,0,1.8495,3.9799,0.1466,NA,0.0140,0.0053,0.0308
or-60-20-1-UC-20,0,0.0280,0.0281,0.0284,NA,0.0109,0.0089,0.0104
or-60-20-1-UC-30,0,0.0279,0.0280,0.0282,NA,0.0139,0.0051,0.0099
or-60-20-1-UC-40,0,0.0278,0.0279,0.0280,NA,0.0140,0.0051,0.0099
or-60-20-10,0,6.2978,13.7610,0.4451,NA,0.0139,0.0090,0.2110
or-60-20-10-UC-10,0,0.8115,1.7199,0.0778,NA,0.0109,0.0053,0.1212
or-60-20-10-UC-20,0,0.1353,0.3401,0.0360,NA,0.0139,0.0052,0.0177
or-60-20-10-UC-30,0,0.0285,0.0400,0.0285,NA,0.0138,0.0052,0.0103
or-60-20-10-UC-40,0,0.0280,0.0281,0.0283,NA,0.0140,0.0052,0.0100
or-60-20-2,0,7.8473,17.1696,0.5529,17.9015,0.0109,0.0055,0.0263
or-60-20-2-UC-10,0,1.5345,3.3461,0.1290,NA,0.0139,0.0088,0.0234
or-60-20-2-UC-20,0,0.0288,0.0627,0.0295,NA,0.0148,0.0052,0.0139
or-60-20-2-UC-30,0,0.0278,0.0278,0.0283,NA,0.0140,0.0052,0.0097
or-60-20-2-UC-40,0,0.0278,0.0279,0.0281,NA,0.0139,0.0052,0.0097
or-60-20-3,0,4.6547,10.2358,0.3396,NA,0.0108,0.0055,0.0155
or-60-20-3-UC-10,0,0.0335,0.0669,0.0295,NA,0.0138,0.0052,0.0152
or-60-20-3-UC-20,0,0.0280,0.0282,0.0286,NA,0.0139,0.0052,0.0113
or-60-20-3-UC-30,0,0.0280,0.0279,0.0282,NA,0.0139,0.0051,0.0103
or-60-20-3-UC-40,0,0.0279,0.0279,0.0282,NA,0.0139,0.0052,0.0098
or-60-20-4,0,5.1525,11.0356,0.3692,0.3589,0.0139,0.0052,0.2328
or-60-20-4-UC-10,0,2.5632,5.0245,0.1757,NA,0.0147,0.0053,0.1533
or-60-20-4-UC-20,0,0.3259,0.6971,0.0469,NA,0.0148,0.0052,0.0261
or-60-20-4-UC-30,0,0.0450,0.0906,0.0301,NA,0.0140,0.0053,0.0158
or-60-20-4-UC-40,0,0.0368,0.0721,0.0298,NA,0.0143,0.0052,0.0141
or-60-20-5,0,5.9312,13.4368,0.4320,NA,0.0138,0.0052,0.1930
or-60-20-5-UC-10,0,1.6635,3.6636,0.1362,NA,0.0140,0.0052,0.0613
or-60-20-5-UC-20,0,1.4901,3.4124,0.1265,NA,0.0143,0.0052,0.1864
or-60-20-5-UC-30,0,0.1106,0.2800,0.0353,NA,0.0142,0.0052,0.0476
or-60-20-5-UC-40,0,0.0280,0.0281,0.0282,NA,0.0142,0.0052,0.0106
or-60-20-6,0,11.7147,26.0642,0.8495,NA,0.0140,0.0055,0.0546
or-60-20-6-UC-10,0,5.5935,12.3972,0.3977,NA,0.0148,0.0052,0.2497
or-60-20-6-UC-20,0,0.2795,0.5920,0.0445,NA,0.0143,0.0053,0.0550
or-60-20-6-UC-30,0,0.0945,0.1972,0.0330,NA,0.0142,0.0053,0.0165
or-60-20-6-UC-40,0,0.0282,0.0365,0.0286,NA,0.0142,0.0053,0.0105
or-60-20-7,0,11.5416,24.8720,0.8107,24.6894,0.0108,0.0056,0.0326
or-60-20-7-UC-10,0,1.5948,3.4212,0.1289,NA,0.0139,0.0053,0.1004
or-60-20-7-UC-20,0,0.7684,1.6959,0.0777,NA,0.0145,0.0053,0.1467
or-60-20-7-UC-30,0,0.0308,0.0643,0.0296,NA,0.0147,0.0052,0.0108
or-60-20-7-UC-40,0,0.0279,0.0279,0.0282,NA,0.0139,0.0052,0.0099
or-60-20-8,0,2.8928,6.5112,0.2234,NA,0.0138,0.0088,0.0374
or-60-20-8-UC-10,0,0.2632,0.5969,0.0440,NA,0.0148,0.0053,0.0982
or-60-20-8-UC-20,0,0.0280,0.0280,0.0283,NA,0.0139,0.0075,0.0102
or-60-20-8-UC-30,0,0.0278,0.0278,0.0282,NA,0.0138,0.0052,0.0097
or-60-20-8-UC-40,0,0.0278,0.0278,0.0280,NA,0.0108,0.0088,0.0097
or-60-20-9,0,16.0106,36.7861,1.1515,NA,0.0108,0.0090,0.2550
or-60-20-9-UC-10,0,0.1276,0.3651,0.0374,NA,0.0148,0.0054,0.0258
or-60-20-9-UC-20,0,0.0280,0.0280,0.0282,NA,0.0108,0.0052,0.0099
or-60-20-9-UC-30,0,0.0280,0.0280,0.0281,NA,0.0140,0.0090,0.0097
or-60-20-9-UC-40,0,0.0277,0.0279,0.0280,NA,0.0108,0.0053,0.0097
or-60-5-1,0,7.3825,16.3254,0.5403,0.5121,0.0139,0.0054,0.0100
or-60-5-1-UC-10,0,0.0285,0.0397,0.0289,NA,0.0108,0.0088,0.0113
or-60-5-1-UC-20,0,0.0279,0.0280,0.0283,NA,0.0108,0.0052,0.0100
or-60-5-1-UC-30,0,0.0277,0.0279,0.0283,NA,0.0139,0.0052,0.0099
or-60-5-1-UC-40,0,0.0279,0.0279,0.0282,NA,0.0108,0.0087,0.0097
or-60-5-10,0,7.8935,17.5822,0.5646,NA,0.0108,0.0053,0.2615
or-60-5-10-UC-10,0,0.0284,0.0395,0.0289,NA,0.0139,0.0053,0.0122
or-60-5-10-UC-20,0,0.0279,0.0281,0.0284,NA,0.0138,0.0052,0.0100
or-60-5-10-UC-30,0,0.0278,0.0280,0.0281,NA,0.0108,0.0052,0.0097
or-60-5-10-UC-40,0,0.0279,0.0280,0.0282,NA,0.0134,0.0089,0.0097
or-60-5-2,0,8.7668,19.2691,0.6067,NA,0.0148,0.0055,0.0356
or-60-5-2-UC-10,0,0.0457,0.0925,0.0304,NA,0.0140,0.0053,0.0106
or-60-5-2-UC-20,0,0.0279,0.0280,0.0281,NA,0.0108,0.0053,0.0100
or-60-5-2-UC-30,0,0.0280,0.0279,0.0282,NA,0.0140,0.0053,0.0098
or-60-5-2-UC-40,0,0.0279,0.0280,0.0280,NA,0.0106,0.0054,0.0097
or-60-5-3,0,7.2276,16.4842,0.5342,NA,0.0140,0.0055,0.1505
or-60-5-3-UC-10,0,1.4197,2.7578,0.1119,NA,0.0108,0.0053,0.2195
or-60-5-3-UC-20,0,0.0452,0.0897,0.0303,NA,0.0108,0.0053,0.0123
or-60-5-3-UC-30,0,0.0278,0.0279,0.0283,NA,0.0108,0.0088,0.0097
or-60-5-3-UC-40,0,0.0278,0.0279,0.0282,NA,0.0132,0.0088,0.0097
or-60-5-4,0,2.6692,5.3246,0.1914,NA,0.0139,0.0054,0.1115
or-60-5-4-UC-10,0,0.0279,0.0282,0.0285,NA,0.0108,0.0090,0.0105
or-60-5-4-UC-20,0,0.0279,0.0280,0.0280,NA,0.0108,0.0090,0.0097
or-60-5-4-UC-30,0,0.0278,0.0279,0.0282,NA,0.0133,0.0089,0.0097
or-60-5-4-UC-40,0,0.0279,0.0280,0.0281,NA,0.0102,0.0088,0.0097
or-60-5-5,0,8.0235,17.6536,0.5534,NA,0.0108,0.0056,0.0887
or-60-5-5-UC-10,0,0.0564,0.1278,0.0309,NA,0.0108,0.0052,0.0204
or-60-5-5-UC-20,0,0.0278,0.0279,0.0281,NA,0.0108,0.0051,0.0097
or-60-5-5-UC-30,0,0.0278,0.0279,0.0283,NA,0.0133,0.0053,0.0097
or-60-5-5-UC-40,0,0.0278,0.0278,0.0280,NA,0.0134,0.0054,0.0097
or-60-5-6,0,26.0775,57.5854,1.8218,NA,0.0109,0.0054,NA
or-60-5-6-UC-10,0,0.1234,0.2934,0.0352,NA,0.0109,0.0090,0.0184
or-60-5-6-UC-20,0,0.0279,0.0279,0.0281,NA,0.0109,0.0051,0.0097
or-60-5-6-UC-30,0,0.0277,0.0280,0.0282,NA,0.0132,0.0089,0.0097
or-60-5-6-UC-40,0,0.0277,0.0278,0.0281,NA,0.0134,0.0088,0.0097
or-60-5-7,0,6.4035,13.9418,0.4522,NA,0.0108,0.0052,0.0895
or-60-5-7-UC-10,0,0.0282,0.0281,0.0283,NA,0.0108,0.0053,0.0114
or-60-5-7-UC-20,0,0.0279,0.0279,0.0281,NA,0.0109,0.0051,0.0099
or-60-5-7-UC-30,0,0.0278,0.0279,0.0280,NA,0.0133,0.0052,0.0097
or-60-5-7-UC-40,0,0.0279,0.0279,0.0280,NA,0.0108,0.0090,0.0097
or-60-5-8,0,10.0777,20.3998,0.6874,NA,0.0108,0.0090,0.0434
or-60-5-8-UC-10,0,0.6682,1.3871,0.0671,NA,0.0109,0.0052,0.1824
or-60-5-8-UC-20,0,0.0279,0.0279,0.0280,NA,0.0108,0.0089,0.0099
or-60-5-8-UC-30,0,0.0278,0.0279,0.0282,NA,0.0108,0.0052,0.0097
or-60-5-8-UC-40,0,0.0279,0.0278,0.0280,NA,0.0134,0.0089,0.0097
or-60-5-9,0,5.2162,11.4133,0.3832,NA,0.0108,0.0054,0.0534
or-60-5-9-UC-10,0,0.0782,0.1738,0.0321,NA,0.0108,0.0054,0.0207
or-60-5-9-UC-20,0,0.0279,0.0280,0.0283,NA,0.0108,0.0087,0.0097
or-60-5-9-UC-30,0,0.0279,0.0278,0.0283,NA,0.0108,0.0088,0.0097
or-60-5-9-UC-40,0,0.0278,0.0279,0.0283,NA,0.0133,0.0073,0.0097
or-70-10-1,0,23.8309,50.9216,1.6661,NA,0.0146,0.0054,0.0471
or-70-10-1-UC-10,0,0.0989,0.2221,0.0332,NA,0.0137,0.0052,0.0143
or-70-10-1-UC-20,0,0.0280,0.0282,0.0282,NA,0.0109,0.0053,0.0099
or-70-10-1-UC-30,0,0.0278,0.0280,0.0282,NA,0.0108,0.0052,0.0098
or-70-10-1-UC-40,0,0.0277,0.0279,0.0281,NA,0.0108,0.0052,0.0097
or-70-10-10,0,NA,NA,6.4981,NA,0.0121,0.0056,NA
or-70-10-10-UC-10,0,1.3723,3.0326,0.1205,NA,0.0109,0.0054,0.1674
or-70-10-10-UC-20,0,0.0285,0.0354,0.0285,NA,0.0108,0.0055,0.0108
or-70-10-10-UC-30,0,0.0280,0.0279,0.0282,NA,0.0107,0.0054,0.0097
or-70-10-10-UC-40,0,0.0278,0.0280,0.0281,NA,0.0107,0.0054,0.0097
or-70-10-2,0,30.9062,63.9162,2.2500,NA,0.0109,0.0053,0.0539
or-70-10-2-UC-10,0,2.4406,5.4182,0.1986,NA,0.0146,0.0054,0.1302
or-70-10-2-UC-20,0,0.0465,0.0968,0.0304,NA,0.0139,0.0053,0.0117
or-70-10-2-UC-30,0,0.0278,0.0279,0.0282,NA,0.0138,0.0052,0.0098
or-70-10-2-UC-40,0,0.0278,0.0280,0.0280,NA,0.0109,0.0089,0.0097
or-70-10-3,0,44.6704,NA,3.4733,NA,0.0139,0.0055,0.2505
or-70-10-3-UC-10,0,0.0856,0.1492,0.0313,NA,0.0139,0.0052,0.0137
or-70-10-3-UC-20,0,0.0280,0.0281,0.0283,NA,0.0108,0.0053,0.0101
or-70-10-3-UC-30,0,0.0279,0.0278,0.0282,NA,0.0109,0.0088,0.0097
or-70-10-3-UC-40,0,0.0279,0.0279,0.0282,NA,0.0133,0.0089,0.0097
or-70-10-4,0,31.4350,NA,2.4701,NA,0.0119,0.0056,0.0460
or-70-10-4-UC-10,0,2.1103,4.3508,0.1637,NA,0.0140,0.0053,0.0810
or-70-10-4-UC-20,0,0.4612,0.9358,0.0558,NA,0.0147,0.0053,0.1480
or-70-10-4-UC-30,0,0.1253,0.2784,0.0352,NA,0.0148,0.0052,0.0193
or-70-10-4-UC-40,0,0.0279,0.0281,0.0283,NA,0.0147,0.0052,0.0098
or-70-10-5,0,49.4555,NA,3.7215,NA,0.0109,0.0053,0.0144
or-70-10-5-UC-10,0,1.3830,3.1172,0.1225,NA,0.0109,0.0053,0.2429
or-70-10-5-UC-20,0,0.0281,0.0284,0.0284,NA,0.0139,0.0052,0.0108
or-70-10-5-UC-30,0,0.0280,0.0280,0.0283,NA,0.0109,0.0089,0.0098
or-70-10-5-UC-40,0,0.0280,0.0279,0.0283,NA,0.0109,0.0089,0.0097
or-70-10-6,0,33.3652,NA,2.4514,NA,0.0138,0.0055,0.1378
or-70-10-6-UC-10,0,0.5861,1.2156,0.0658,NA,0.0139,0.0052,0.1756
or-70-10-6-UC-20,0,0.0373,0.0771,0.0299,NA,0.0140,0.0052,0.0149
or-70-10-6-UC-30,0,0.0277,0.0281,0.0282,NA,0.0139,0.0052,0.0097
or-70-10-6-UC-40,0,0.0279,0.0279,0.0281,NA,0.0133,0.0089,0.0097
or-70-10-7,0,NA,NA,9.6227,NA,NA,0.0053,NA
or-70-10-7-UC-10,0,3.3151,6.8710,0.2512,NA,0.0109,0.0055,0.0820
or-70-10-7-UC-20,0,0.1624,0.3699,0.0380,NA,0.0148,0.0053,0.0210
or-70-10-7-UC-30,0,0.0280,0.0281,0.0284,NA,0.0139,0.0052,0.0099
or-70-10-7-UC-40,0,0.0279,0.0279,0.0281,NA,0.0147,0.0052,0.0099
or-70-10-8,0,36.1700,NA,2.5842,31.2323,0.0141,0.0053,0.0396
or-70-10-8-UC-10,0,0.0889,0.1925,0.0330,NA,0.0109,0.0052,0.0252
or-70-10-8-UC-20,0,0.0279,0.0279,0.0281,NA,0.0109,0.0051,0.0097
or-70-10-8-UC-30,0,0.0279,0.0278,0.0281,NA,0.0131,0.0088,0.0097
or-70-10-8-UC-40,0,0.0279,0.0280,0.0280,NA,0.0134,0.0052,0.0097
or-70-10-9,0,58.6935,NA,5.5412,NA,0.0139,0.0053,0.1514
or-70-10-9-UC-10,0,0.0733,0.1885,0.0322,NA,0.0109,0.0052,0.0144
or-70-10-9-UC-20,0,0.0280,0.0280,0.0282,NA,0.0109,0.0090,0.0099
or-70-10-9-UC-30,0,0.0279,0.0280,0.0282,NA,0.0109,0.0051,0.0098
or-70-10-9-UC-40,0,0.0279,0.0280,0.0281,NA,0.0109,0.0087,0.0097
or-70-20-1,0,58.2825,NA,5.6514,NA,0.0108,0.0055,0.0120
or-70-20-1-UC-10,0,0.2323,0.5399,0.0432,NA,0.0147,0.0053,0.0225
or-70-20-1-UC-20,0,0.0536,0.1095,0.0308,NA,0.0148,0.0052,0.0134
or-70-20-1-UC-30,0,0.0370,0.0923,0.0301,NA,0.0148,0.0052,0.0138
or-70-20-1-UC-40,0,0.0282,0.0330,0.0287,NA,0.0148,0.0051,0.0106
or-70-20-10,0,58.5478,NA,5.6891,NA,0.0109,0.0055,0.8110
or-70-20-10-UC-10,0,1.8777,3.9451,0.1520,NA,0.0140,0.0052,0.0974
or-70-20-10-UC-20,0,7.9417,17.8930,0.5975,NA,0.0148,0.0053,0.1186
or-70-20-10-UC-30,0,0.3083,0.6165,0.0457,NA,0.0148,0.0053,0.0718
or-70-20-10-UC-40,0,0.0283,0.0287,0.0287,NA,0.0139,0.0051,0.0102
or-70-20-2,0,37.7258,NA,2.7904,NA,0.0140,0.0053,0.0204
or-70-20-2-UC-10,0,0.7555,1.6782,0.0789,NA,0.0140,0.0052,0.0405
or-70-20-2-UC-20,0,0.0825,0.2198,0.0337,NA,0.0143,0.0053,0.0312
or-70-20-2-UC-30,0,0.0648,0.1310,0.0314,NA,0.0143,0.0053,0.0224
or-70-20-2-UC-40,0,0.0280,0.0281,0.0282,NA,0.0140,0.0052,0.0101
or-70-20-3,0,NA,NA,5.5537,NA,0.0139,0.0055,0.0950
or-70-20-3-UC-10,0,13.0562,29.8559,0.9899,NA,0.0148,0.0052,0.0142
or-70-20-3-UC-20,0,0.5001,2.6516,0.1057,NA,0.0148,0.0052,0.0909
or-70-20-3-UC-30,0,0.2032,0.4183,0.0392,NA,0.0149,0.0052,0.0714
or-70-20-3-UC-40,0,0.0282,0.0283,0.0283,NA,0.0147,0.0053,0.0125
or-70-20-4,0,NA,NA,13.6598,NA,NA,0.0052,NA
or-70-20-4-UC-10,0,10.0164,22.8649,0.7690,NA,0.0139,0.0051,0.0222
or-70-20-4-UC-20,0,1.0461,2.2066,0.0958,NA,0.0140,0.0053,0.0613
or-70-20-4-UC-30,0,0.0280,0.0280,0.0284,NA,0.0148,0.0052,0.0102
or-70-20-4-UC-40,0,0.0280,0.0280,0.0282,NA,0.0140,0.0052,0.0097
or-70-20-5,0,14.3485,30.8344,1.0387,NA,0.0139,0.0055,0.1931
or-70-20-5-UC-10,0,3.2575,7.1712,0.2545,NA,0.0148,0.0052,0.0665
or-70-20-5-UC-20,0,0.8474,1.7650,0.0821,NA,0.0139,0.0053,0.1117
or-70-20-5-UC-30,0,0.1308,0.3273,0.0361,NA,0.0140,0.0052,0.0227
or-70-20-5-UC-40,0,0.0279,0.0280,0.0282,NA,0.0148,0.0052,0.0100
or-70-20-6,0,48.4102,NA,3.6053,NA,0.0138,0.0054,0.0906
or-70-20-6-UC-10,0,2.2706,5.0265,0.1825,NA,0.0139,0.0053,0.0266
or-70-20-6-UC-20,0,0.0334,0.0649,0.0298,NA,0.0146,0.0053,0.0118
or-70-20-6-UC-30,0,0.0278,0.0279,0.0281,NA,0.0109,0.0051,0.0098
or-70-20-6-UC-40,0,0.0279,0.0278,0.0282,NA,0.0109,0.0054,0.0097
or-70-20-7,0,51.0638,NA,3.8104,NA,0.0139,0.0054,0.1881
or-70-20-7-UC-10,0,1.3239,3.1918,0.1204,NA,0.0109,0.0051,0.2191
or-70-20-7-UC-20,0,0.1728,0.3604,0.0375,NA,0.0147,0.0052,0.0200
or-70-20-7-UC-30,0,0.0281,0.0283,0.0284,NA,0.0143,0.0053,0.0109
or-70-20-7-UC-40,0,0.0280,0.0281,0.0282,NA,0.0142,0.0053,0.0102
or-70-20-8,0,65.7950,NA,4.8965,NA,0.0139,0.0055,0.0127
or-70-20-8-UC-10,0,14.3078,32.0863,1.0770,NA,0.0137,0.0053,0.1765
or-70-20-8-UC-20,0,3.9474,8.8440,0.3090,NA,0.0140,0.0053,0.0146
or-70-20-8-UC-30,0,0.0625,0.1545,0.0317,NA,0.0139,0.0053,0.0207
or-70-20-8-UC-40,0,0.0284,0.0315,0.0284,NA,0.0140,0.0053,0.0116
or-70-20-9,0,NA,NA,6.8017,NA,NA,0.0052,NA
or-70-20-9-UC-10,0,0.0287,0.0542,0.0293,NA,0.0109,0.0052,0.0104
or-70-20-9-UC-20,0,0.0281,0.0281,0.0283,NA,0.0109,0.0053,0.0099
or-70-20-9-UC-30,0,0.0279,0.0279,0.0283,NA,0.0109,0.0052,0.0097
or-70-20-9-UC-40,0,0.0279,0.0279,0.0283,NA,0.0109,0.0051,0.0097
or-70-5-1,0,17.8885,37.0325,1.2660,NA,0.0110,0.0055,0.0705
or-70-5-1-UC-10,0,0.1356,0.3524,0.0367,NA,0.0110,0.0090,0.0476
or-70-5-1-UC-20,0,0.0279,0.0280,0.0283,NA,0.0109,0.0051,0.0097
or-70-5-1-UC-30,0,0.0280,0.0278,0.0283,NA,0.0132,0.0088,0.0097
or-70-5-1-UC-40,0,0.0278,0.0278,0.0281,NA,0.0133,0.0053,0.0097
or-70-5-10,0,51.7872,NA,3.6727,NA,0.0110,0.0053,0.0129
or-70-5-10-UC-10,0,0.2065,0.5059,0.0412,NA,0.0147,0.0053,0.0531
or-70-5-10-UC-20,0,0.0280,0.0281,0.0286,NA,0.0109,0.0080,0.0100
or-70-5-10-UC-30,0,0.0279,0.0280,0.0281,NA,0.0139,0.0053,0.0098
or-70-5-10-UC-40,0,0.0279,0.0281,0.0282,NA,0.0109,0.0052,0.0097
or-70-5-2,0,28.7865,60.7326,2.1218,NA,0.0139,0.0055,0.0237
or-70-5-2-UC-10,0,0.3274,0.6533,0.0479,NA,0.0109,0.0053,0.0200
or-70-5-2-UC-20,0,0.0287,0.0397,0.0289,NA,0.0138,0.0053,0.0118
or-70-5-2-UC-30,0,0.0279,0.0280,0.0282,NA,0.0107,0.0090,0.0097
or-70-5-2-UC-40,0,0.0278,0.0278,0.0281,NA,0.0132,0.0053,0.0097
or-70-5-3,0,NA,NA,11.1602,NA,NA,0.0053,NA
or-70-5-3-UC-10,0,0.0280,0.0280,0.0281,NA,0.0106,0.0054,0.0098
or-70-5-3-UC-20,0,0.0277,0.0280,0.0281,NA,0.0106,0.0054,0.0097
or-70-5-3-UC-30,0,0.0279,0.0280,0.0282,NA,0.0108,0.0089,0.0097
or-70-5-3-UC-40,0,0.0277,0.0280,0.0281,NA,0.0107,0.0087,0.0097
or-70-5-4,0,44.1059,NA,3.3947,NA,0.0138,0.0056,0.1541
or-70-5-4-UC-10,0,1.4764,3.4367,0.1308,NA,0.0145,0.0053,0.1212
or-70-5-4-UC-20,0,0.0447,0.0992,0.0304,NA,0.0109,0.0052,0.0110
or-70-5-4-UC-30,0,0.0282,0.0283,0.0283,NA,0.0147,0.0053,0.0106
or-70-5-4-UC-40,0,0.0279,0.0281,0.0280,NA,0.0132,0.0087,0.0097
or-70-5-5,0,41.4478,NA,3.1104,NA,0.0108,0.0053,0.0102
or-70-5-5-UC-10,0,0.0968,0.2259,0.0335,NA,0.0136,0.0055,0.0515
or-70-5-5-UC-20,0,0.0342,0.0640,0.0299,NA,0.0107,0.0054,0.0103
or-70-5-5-UC-30,0,0.0277,0.0280,0.0281,NA,0.0107,0.0052,0.0097
or-70-5-5-UC-40,0,0.0280,0.0278,0.0280,NA,0.0133,0.0088,0.0097
or-70-5-6,0,NA,NA,21.3213,NA,NA,0.0052,NA
or-70-5-6-UC-10,0,4.6289,10.4844,0.3739,NA,0.0139,0.0054,0.1115
or-70-5-6-UC-20,0,0.0287,0.0461,0.0287,NA,0.0138,0.0052,0.0104
or-70-5-6-UC-30,0,0.0279,0.0279,0.0281,NA,0.0137,0.0052,0.0097
or-70-5-6-UC-40,0,0.0278,0.0278,0.0281,NA,0.0102,0.0054,0.0097
or-70-5-7,0,18.9103,42.0742,1.4187,NA,0.0138,0.0056,0.0112
or-70-5-7-UC-10,0,0.9575,1.9802,0.0855,NA,0.0139,0.0053,0.1760
or-70-5-7-UC-20,0,0.0330,0.0795,0.0295,NA,0.0109,0.0053,0.0109
or-70-5-7-UC-30,0,0.0279,0.0279,0.0282,NA,0.0108,0.0052,0.0097
or-70-5-7-UC-40,0,0.0279,0.0280,0.0282,NA,0.0107,0.0088,0.0097
or-70-5-8,0,56.1125,NA,4.3014,NA,0.0147,0.0055,0.1905
or-70-5-8-UC-10,0,0.2347,0.5169,0.0423,NA,0.0137,0.0052,0.0280
or-70-5-8-UC-20,0,0.0288,0.0442,0.0288,NA,0.0140,0.0053,0.0112
or-70-5-8-UC-30,0,0.0280,0.0281,0.0283,NA,0.0108,0.0088,0.0097
or-70-5-8-UC-40,0,0.0279,0.0279,0.0282,NA,0.0130,0.0053,0.0097
or-70-5-9,0,44.5680,NA,3.3405,NA,0.0138,0.0054,0.0147
or-70-5-9-UC-10,0,0.0282,0.0291,0.0287,NA,0.0109,0.0053,0.0112
or-70-5-9-UC-20,0,0.0279,0.0279,0.0283,NA,0.0108,0.0088,0.0097
or-70-5-9-UC-30,0,0.0279,0.0279,0.0282,NA,0.0132,0.0053,0.0097
or-70-5-9-UC-40,0,0.0278,0.0279,0.0282,NA,0.0132,0.0089,0.0097
p2106,1,0.0761,0.3054,0.0345,2.1547,0.0194,0.0112,0.0272
par16-1,0,0.0290,0.0295,0.0295,NA,0.0078,0.0065,0.0348
par16-1-c,0,0.0288,0.0287,0.0288,NA,0.0077,0.0057,0.0398
par16-2,0,0.0294,0.0298,0.0298,NA,0.0078,0.0068,0.0440
par16-2-c,0,0.0288,0.0288,0.0290,NA,0.0077,0.0060,0.0200
par16-3,0,0.0293,0.0296,0.0297,NA,0.0078,0.0066,0.0323
par16-3-c,0,0.0287,0.0289,0.0292,0.0140,0.0077,0.0062,0.0290
par16-4,0,0.0292,0.0293,0.0295,NA,0.0078,0.0063,0.0262
par16-4-c,0,0.0285,0.0287,0.0291,0.0065,0.0077,0.0058,0.0197
par16-5,0,0.0292,0.0293,0.0297,NA,0.0078,0.0066,0.0248
par16-5-c,0,0.0288,0.0288,0.0290,NA,0.0077,0.0059,0.0197
par32-1,0,NA,NA,NA,NA,NA,NA,NA
par32-1-c,0,NA,NA,NA,NA,NA,NA,NA
par32-2,0,NA,NA,NA,NA,NA,NA,NA
par32-2-c,0,NA,NA,NA,NA,NA,NA,NA
par32-3,0,NA,NA,NA,NA,NA,NA,NA
par32-3-c,0,NA,NA,NA,NA,NA,NA,NA
par32-4,0,NA,NA,NA,NA,NA,NA,NA
par32-4-c,0,NA,NA,NA,NA,NA,NA,NA
par32-5,0,NA,NA,NA,NA,NA,NA,NA
par32-5-c,0,NA,NA,NA,NA,NA,NA,NA
par8-1,0,0.0278,0.0280,0.0281,0.0050,0.0077,0.0054,0.0097
par8-1-c,0,0.0277,0.0279,0.0282,0.0043,0.0077,0.0051,0.0097
par8-2,0,0.0280,0.0282,0.0284,NA,0.0077,0.0054,0.0097
par8-2-c,0,0.0279,0.0279,0.0283,0.0041,0.0077,0.0052,0.0098
par8-3,0,0.0278,0.0280,0.0282,NA,0.0077,0.0055,0.0097
par8-3-c,0,0.0279,0.0277,0.0282,0.0044,0.0077,0.0052,0.0098
par8-4,0,0.0281,0.0282,0.0285,NA,0.0077,0.0054,0.0097
par8-4-c,0,0.0279,0.0279,0.0282,NA,0.0077,0.0051,0.0097
par8-5,0,0.0281,0.0282,0.0285,0.0051,0.0077,0.0054,0.0097
par8-5-c,0,0.0279,0.0279,0.0280,NA,0.0077,0.0051,0.0098
pati,1,0.0966,0.3190,0.0348,2.6157,0.0163,0.0110,0.0686
pc_i82544,1,0.1074,0.4398,0.0367,8.1008,0.0184,0.0112,0.0130
pc_i82559,1,0.0609,0.4393,0.0381,4.4509,0.0185,0.0109,0.0334
pc_rltk8139,1,0.2098,0.6429,0.0397,3.0526,0.0162,0.0106,0.0377
pc_usb_d12,1,0.0731,0.2952,0.0342,3.8694,0.0184,0.0123,0.2447
pc_vmWare,1,0.0904,0.4316,0.0367,2.7672,0.0171,0.0112,0.0192
phycore,1,0.0849,0.2385,0.0331,1.9879,0.0193,0.0114,0.0283
phycore229x,1,0.0764,0.2870,0.0351,2.2957,0.0182,0.0124,0.0602
picasso,1,0.0800,0.3058,0.0352,2.3279,0.0184,0.0107,0.0110
pid,1,0.0730,0.3456,0.0355,NA,0.0185,0.0112,0.0307
prob001.pddl,0,0.0295,0.0295,0.0298,0.0143,0.0202,0.0065,0.0110
prob002.pddl,0,0.0674,0.0772,0.0434,NA,0.0205,0.0145,0.1050
prob003.pddl,0,0.0452,0.0453,0.0453,0.1115,0.0213,0.0153,0.0510
prob004-log-a,0,0.0903,0.1462,0.0415,NA,0.0245,0.0150,0.0675
prob004.pddl,0,0.2554,0.4906,0.0537,NA,0.0327,0.0168,0.0778
prob005.pddl,0,0.6739,1.4895,0.0790,NA,0.0409,0.0256,0.0505
prob012.pddl,0,16.8997,58.3453,1.7937,NA,0.0349,0.0192,NA
prpmc1100,1,0.0594,0.2036,0.0330,3.7807,0.0168,0.0105,0.0368
psim,1,0.0656,0.1975,0.0328,0.9273,0.0176,0.0104,0.0114
qg1-07,0,0.0303,0.0349,0.0351,NA,0.0292,0.0197,0.0246
qg1-08,0,0.0378,0.0459,0.0461,NA,0.0615,0.0393,0.4874
qg2-07,0,0.0307,0.0354,0.0354,NA,0.0296,0.0197,0.0191
qg2-08,0,0.0381,0.0457,0.0458,NA,0.0528,0.0396,0.5038
qg3-08,0,0.0297,0.0305,0.0308,NA,0.0135,0.0085,0.0134
qg4-09,0,0.0399,0.0451,0.0450,NA,0.0197,0.0172,0.0829
qg5-11,0,0.0400,0.0427,0.0429,NA,0.0303,0.0233,0.0288
qg6-09,0,0.0305,0.0312,0.0312,NA,0.0171,0.0101,0.0115
qg7-09,0,0.0300,0.0308,0.0310,NA,0.0169,0.0102,0.0113
qg7-13,0,0.1265,0.1263,0.1268,NA,0.0473,0.0331,0.3679
ra,0,0.2328,0.5051,0.0448,NA,0.0221,0.0143,0.1216
rattler,1,0.0940,0.3301,0.0348,10.0215,0.0170,0.0114,0.0309
rb,0,0.4497,0.9637,0.0561,NA,0.0244,0.0134,0.0882
rc,0,5.3747,19.3597,0.4663,NA,0.0361,0.0651,0.0765
ref4955,1,0.0995,0.5735,0.0404,1.4498,0.0179,0.0104,0.0121
refidt334,1,0.0731,0.2412,0.0333,3.6579,0.0183,0.0101,0.0134
ring2_r6_p_t1,0,0.0280,0.0279,0.0281,0.0045,0.0138,0.0051,0.0097
ring2_r6_p_t10,0,1.4955,2.4988,0.1204,3.0457,0.0177,0.0074,0.0461
ring2_r6_p_t2,0,0.0281,0.0281,0.0285,NA,0.0140,0.0052,0.0101
ring2_r6_p_t3,0,0.0283,0.0283,0.0287,NA,0.0110,0.0053,0.0098
ring2_r6_p_t4,0,0.1411,0.1898,0.0345,NA,0.0142,0.0055,0.0102
ring2_r6_p_t5,0,0.1835,0.3243,0.0383,NA,0.0148,0.0059,0.0175
ring2_r6_p_t6,0,0.5117,0.7611,0.0547,1.0902,0.0157,0.0063,0.0281
ring2_r6_p_t7,0,0.8715,1.4961,0.0803,NA,0.0160,0.0069,0.0428
ring2_r6_p_t8,0,0.7534,1.2419,0.0714,NA,0.0166,0.0072,0.1560
ring2_r6_p_t9,0,0.9265,1.5470,0.0840,NA,0.0162,0.0070,0.0416
ring2_r8_p_t1,0,0.0279,0.0279,0.0283,NA,0.0140,0.0051,0.0098
ring2_r8_p_t10,0,12.2512,19.9522,0.8585,0.2353,0.0182,0.0077,0.0594
ring2_r8_p_t2,0,0.0282,0.0283,0.0284,NA,0.0142,0.0053,0.0102
ring2_r8_p_t3,0,0.0286,0.0286,0.0288,NA,0.0149,0.0057,0.0114
ring2_r8_p_t4,0,0.0336,0.0611,0.0299,NA,0.0149,0.0062,0.0150
ring2_r8_p_t5,0,0.5668,0.9720,0.0641,NA,0.0154,0.0065,0.0226
ring2_r8_p_t6,0,1.9761,3.7670,0.1714,NA,0.0161,0.0070,0.0411
ring2_r8_p_t7,0,4.5450,8.9254,0.3814,18.4902,0.0160,0.0066,0.0203
ring2_r8_p_t8,0,5.4170,8.9423,0.3893,NA,0.0176,0.0076,0.0394
ring2_r8_p_t9,0,10.1983,18.7561,0.7966,NA,0.0204,0.0081,0.1348
ring_3_p_t1,0,0.0278,0.0280,0.0281,NA,0.0132,0.0052,0.0097
ring_3_p_t10,0,0.0899,0.1359,0.0329,NA,0.0153,0.0069,0.0155
ring_3_p_t2,0,0.0280,0.0280,0.0284,NA,0.0139,0.0052,0.0098
ring_3_p_t3,0,0.0282,0.0281,0.0284,NA,0.0139,0.0055,0.0099
ring_3_p_t4,0,0.0282,0.0282,0.0285,NA,0.0141,0.0055,0.0100
ring_3_p_t5,0,0.0285,0.0287,0.0288,NA,0.0144,0.0057,0.0112
ring_3_p_t6,0,0.0287,0.0334,0.0288,NA,0.0147,0.0058,0.0181
ring_3_p_t7,0,0.0321,0.0477,0.0293,NA,0.0154,0.0061,0.0245
ring_3_p_t8,0,0.0445,0.0669,0.0304,0.0830,0.0149,0.0061,0.1039
ring_3_p_t9,0,0.0999,0.1456,0.0332,0.1568,0.0153,0.0063,0.0912
ring_4_p_t1,0,0.0278,0.0279,0.0283,0.0043,0.0133,0.0085,0.0097
ring_4_p_t10,0,0.3076,0.4269,0.0437,NA,0.0169,0.0077,0.0634
ring_4_p_t2,0,0.0282,0.0281,0.0282,NA,0.0140,0.0054,0.0099
ring_4_p_t3,0,0.0283,0.0283,0.0286,NA,0.0143,0.0056,0.0102
ring_4_p_t4,0,0.0286,0.0285,0.0288,NA,0.0145,0.0058,0.0112
ring_4_p_t5,0,0.0317,0.0493,0.0295,0.0701,0.0145,0.0060,0.0166
ring_4_p_t6,0,0.0508,0.0739,0.0308,NA,0.0154,0.0064,0.0211
ring_4_p_t7,0,0.0663,0.1038,0.0317,NA,0.0153,0.0068,0.1636
ring_4_p_t8,0,0.1064,0.1609,0.0340,NA,0.0157,0.0071,0.0339
ring_4_p_t9,0,0.2088,0.3844,0.0402,NA,0.0165,0.0071,0.0285
ring_5_p_t1,0,0.0280,0.0281,0.0282,NA,0.0139,0.0053,0.0097
ring_5_p_t10,0,1.0143,1.5729,0.0888,NA,0.0180,0.0087,0.0716
ring_5_p_t2,0,0.0280,0.0283,0.0284,0.0050,0.0141,0.0054,0.0100
ring_5_p_t3,0,0.0283,0.0284,0.0285,0.0059,0.0145,0.0057,0.0103
ring_5_p_t4,0,0.0287,0.0287,0.0287,0.0092,0.0151,0.0062,0.0120
ring_5_p_t5,0,0.0827,0.1340,0.0323,NA,0.0148,0.0065,0.0153
ring_5_p_t6,0,0.1661,0.2606,0.0369,NA,0.0158,0.0069,0.0293
ring_5_p_t7,0,0.2949,0.4477,0.0432,NA,0.0159,0.0073,0.0587
ring_5_p_t8,0,0.4825,0.7408,0.0534,1.4590,0.0166,0.0078,0.0230
ring_5_p_t9,0,0.5784,0.8807,0.0616,NA,0.0174,0.0084,0.0925
s1196.bench,0,0.0573,0.0819,0.0307,NA,0.0158,0.0071,0.0166
s1238.bench,0,0.0667,0.0896,0.0317,0.0841,0.0159,0.0068,0.0133
s1423.bench,0,0.0645,0.1445,0.0326,0.5929,0.0169,0.0081,0.0357
s1488.bench,0,0.0291,0.0292,0.0293,0.0208,0.0164,0.0065,0.0101
s1494.bench,0,0.0291,0.0293,0.0294,NA,0.0164,0.0080,0.0115
s400.bench,0,0.0280,0.0281,0.0283,NA,0.0150,0.0054,0.0101
s420.1.bench,0,0.0281,0.0284,0.0286,NA,0.0142,0.0090,0.0099
s444.bench,0,0.0281,0.0282,0.0283,0.0057,0.0143,0.0055,0.0099
s510.bench,0,0.0281,0.0282,0.0286,NA,0.0145,0.0090,0.0100
s526.bench,0,0.0284,0.0284,0.0285,NA,0.0144,0.0055,0.0103
s526n.bench,0,0.0283,0.0282,0.0287,NA,0.0112,0.0057,0.0101
s641.bench,0,0.0288,0.0458,0.0288,NA,0.0150,0.0063,0.0105
s713.bench,0,0.0287,0.0315,0.0289,NA,0.0153,0.0062,0.0106
s820.bench,0,0.0285,0.0285,0.0287,NA,0.0145,0.0089,0.0101
s832.bench,0,0.0285,0.0284,0.0286,NA,0.0115,0.0090,0.0098
s838.1.bench,0,0.0287,0.0287,0.0289,0.0086,0.0153,0.0061,0.0100
s953.bench,0,0.0290,0.0290,0.0289,NA,0.0149,0.0066,0.0121
sa1100mm,1,0.0735,0.3244,0.0354,1.3033,0.0168,0.0103,0.0212
safe_safe_10_p_t1,0,0.0278,0.0278,0.0281,NA,0.0139,0.0053,0.0097
safe_safe_10_p_t10,0,0.0282,0.0284,0.0284,NA,0.0145,0.0058,0.0098
safe_safe_10_p_t2,0,0.0278,0.0280,0.0280,NA,0.0139,0.0052,0.0097
safe_safe_10_p_t3,0,0.0278,0.0280,0.0281,NA,0.0139,0.0053,0.0097
safe_safe_10_p_t4,0,0.0280,0.0281,0.0282,NA,0.0140,0.0054,0.0097
safe_safe_10_p_t5,0,0.0280,0.0281,0.0283,NA,0.0139,0.0055,0.0097
safe_safe_10_p_t6,0,0.0281,0.0282,0.0284,NA,0.0142,0.0054,0.0112
safe_safe_10_p_t7,0,0.0281,0.0282,0.0284,0.0051,0.0137,0.0054,0.0097
safe_safe_10_p_t8,0,0.0282,0.0283,0.0286,NA,0.0142,0.0056,0.0098
safe_safe_10_p_t9,0,0.0282,0.0282,0.0287,NA,0.0145,0.0058,0.0098
safe_safe_2_p_t1,0,0.0278,0.0277,0.0281,NA,0.0101,0.0051,0.0094
safe_safe_2_p_t10,0,0.0279,0.0281,0.0284,0.0048,0.0142,0.0054,0.0098
safe_safe_2_p_t2,0,0.0277,0.0278,0.0280,0.0043,0.0106,0.0052,0.0094
safe_safe_2_p_t3,0,0.0277,0.0278,0.0282,0.0043,0.0108,0.0052,0.0094
safe_safe_2_p_t4,0,0.0279,0.0279,0.0282,NA,0.0107,0.0053,0.0097
safe_safe_2_p_t5,0,0.0279,0.0278,0.0281,NA,0.0132,0.0053,0.0097
safe_safe_2_p_t6,0,0.0279,0.0279,0.0280,NA,0.0143,0.0053,0.0097
safe_safe_2_p_t7,0,0.0278,0.0278,0.0282,NA,0.0109,0.0053,0.0097
safe_safe_2_p_t8,0,0.0279,0.0281,0.0281,NA,0.0134,0.0054,0.0097
safe_safe_2_p_t9,0,0.0280,0.0280,0.0282,0.0046,0.0143,0.0054,0.0098
safe_safe_30_p_t1,0,0.0281,0.0281,0.0285,NA,0.0142,0.0055,0.0098
safe_safe_30_p_t10,0,0.0292,0.0293,0.0296,NA,0.0186,0.0097,0.0108
safe_safe_30_p_t2,0,0.0282,0.0283,0.0283,NA,0.0144,0.0057,0.0098
safe_safe_30_p_t3,0,0.0283,0.0284,0.0287,NA,0.0147,0.0060,0.0100
safe_safe_30_p_t4,0,0.0284,0.0285,0.0288,NA,0.0152,0.0064,0.0102
safe_safe_30_p_t5,0,0.0286,0.0287,0.0289,NA,0.0151,0.0068,0.0102
safe_safe_30_p_t6,0,0.0287,0.0287,0.0289,0.0078,0.0162,0.0073,0.0103
safe_safe_30_p_t7,0,0.0288,0.0290,0.0292,NA,0.0166,0.0079,0.0106
safe_safe_30_p_t8,0,0.0291,0.0291,0.0292,0.0098,0.0172,0.0086,0.0106
safe_safe_30_p_t9,0,0.0292,0.0293,0.0295,0.0110,0.0180,0.0092,0.0107
safe_safe_5_p_t1,0,0.0276,0.0277,0.0281,NA,0.0128,0.0052,0.0094
safe_safe_5_p_t10,0,0.0281,0.0280,0.0284,NA,0.0139,0.0054,0.0097
safe_safe_5_p_t2,0,0.0278,0.0278,0.0280,NA,0.0131,0.0051,0.0094
safe_safe_5_p_t3,0,0.0279,0.0279,0.0282,0.0045,0.0139,0.0053,0.0094
safe_safe_5_p_t4,0,0.0277,0.0278,0.0280,0.0045,0.0109,0.0053,0.0097
safe_safe_5_p_t5,0,0.0279,0.0279,0.0282,NA,0.0140,0.0053,0.0097
safe_safe_5_p_t6,0,0.0279,0.0280,0.0280,0.0045,0.0134,0.0053,0.0097
safe_safe_5_p_t7,0,0.0278,0.0281,0.0282,NA,0.0137,0.0054,0.0097
safe_safe_5_p_t8,0,0.0279,0.0280,0.0281,NA,0.0134,0.0053,0.0097
safe_safe_5_p_t9,0,0.0279,0.0279,0.0282,NA,0.0134,0.0054,0.0097
sam7ex256,1,0.0977,0.4141,0.0359,1.0592,0.0175,0.0107,0.0152
sat-grid-pbl-0010,0,0.0279,0.0282,0.0283,0.0058,0.0141,0.0051,0.0159
sat-grid-pbl-0015,0,0.0286,0.0285,0.0287,NA,0.0149,0.0055,0.0462
sat-grid-pbl-0020,0,0.2691,0.7463,0.0473,NA,0.0162,0.0062,0.6091
sat-grid-pbl-0025,0,2.3641,9.0431,0.2258,NA,0.0372,0.0076,NA
sat-grid-pbl-0030,0,10.3734,55.0411,0.9792,NA,0.0314,0.0092,NA
se7751,1,0.0949,0.3193,0.0345,1.4856,0.0176,0.0112,0.0508
se77x9,1,0.0821,0.3003,0.0418,NA,0.0202,0.0152,0.0166
sh4_202_md,1,0.0767,0.2947,0.0339,0.9238,0.0161,0.0105,0.0117
sh7708,1,0.1286,0.4266,0.0448,2.2770,0.0217,0.0137,0.0464
skmb91302,1,0.0596,0.1766,0.0327,NA,0.0184,0.0096,0.0104
sleb,1,0.0641,0.2031,0.0323,0.9239,0.0170,0.0100,0.0124
smdk2410,1,0.1186,0.3211,0.0423,2.0374,0.0207,0.0136,0.0726
snds,1,0.1078,0.3774,0.0358,NA,0.0176,0.0116,0.0144
sort_num_s_3_p_t1,0,0.0278,0.0278,0.0281,NA,0.0132,0.0052,0.0094
sort_num_s_3_p_t10,0,0.0288,0.0291,0.0292,NA,0.0149,0.0057,0.0135
sort_num_s_3_p_t2,0,0.0280,0.0279,0.0280,NA,0.0138,0.0053,0.0098
sort_num_s_3_p_t3,0,0.0280,0.0281,0.0284,NA,0.0139,0.0052,0.0107
sort_num_s_3_p_t4,0,0.0280,0.0281,0.0285,NA,0.0141,0.0052,0.0100
sort_num_s_3_p_t5,0,0.0281,0.0283,0.0283,NA,0.0144,0.0054,0.0122
sort_num_s_3_p_t6,0,0.0283,0.0283,0.0287,NA,0.0149,0.0056,0.0154
sort_num_s_3_p_t7,0,0.0283,0.0286,0.0287,NA,0.0147,0.0057,0.0204
sort_num_s_3_p_t8,0,0.0286,0.0286,0.0287,NA,0.0148,0.0057,0.0116
sort_num_s_3_p_t9,0,0.0289,0.0288,0.0290,NA,0.0146,0.0061,0.0326
sort_num_s_4_p_t1,0,0.0280,0.0282,0.0283,NA,0.0140,0.0053,0.0098
sort_num_s_4_p_t10,0,5.8393,7.3653,0.4180,NA,0.0249,0.0106,0.0660
sort_num_s_4_p_t2,0,0.1459,0.1700,0.0352,0.2142,0.0144,0.0056,0.0275
sort_num_s_4_p_t3,0,0.2395,0.3181,0.0419,NA,0.0151,0.0057,0.0316
sort_num_s_4_p_t4,0,0.5050,0.5317,0.0517,NA,0.0156,0.0066,0.0684
sort_num_s_4_p_t5,0,0.7302,0.9178,0.0696,NA,0.0154,0.0063,0.0586
sort_num_s_4_p_t6,0,1.5921,1.8244,0.1145,NA,0.0196,0.0079,0.0716
sort_num_s_4_p_t7,0,2.4588,3.0206,0.1700,NA,0.0303,0.0080,0.1115
sort_num_s_4_p_t8,0,2.8598,3.5064,0.2101,5.5073,0.0231,0.0084,0.0912
sort_num_s_4_p_t9,0,4.9819,6.4049,0.3575,NA,0.0215,0.0090,0.1047
sort_num_s_5_p_t1,0,0.0285,0.0285,0.0288,NA,0.0144,0.0058,0.1357
sort_num_s_5_p_t10,0,NA,NA,NA,NA,NA,NA,NA
sort_num_s_5_p_t2,0,63.0396,NA,4.1773,NA,0.0163,0.0072,0.0718
sort_num_s_5_p_t3,0,NA,NA,NA,NA,NA,NA,NA
sort_num_s_5_p_t4,0,NA,NA,NA,NA,NA,NA,NA
sort_num_s_5_p_t5,0,NA,NA,NA,NA,NA,NA,NA
sort_num_s_5_p_t6,0,NA,NA,NA,NA,NA,NA,NA
sort_num_s_5_p_t7,0,NA,NA,NA,NA,NA,NA,NA
sort_num_s_5_p_t8,0,NA,NA,NA,NA,NA,NA,NA
sort_num_s_5_p_t9,0,NA,NA,NA,NA,NA,NA,NA
sort_num_s_6_p_t1,0,0.0290,0.0292,0.0293,NA,0.0160,0.0065,0.0099
sort_num_s_6_p_t10,0,NA,NA,NA,NA,NA,NA,NA
sort_num_s_6_p_t2,0,NA,NA,NA,NA,NA,NA,NA
sort_num_s_6_p_t3,0,NA,NA,NA,NA,NA,NA,NA
sort_num_s_6_p_t4,0,NA,NA,NA,NA,NA,NA,NA
sort_num_s_6_p_t5,0,NA,NA,NA,NA,NA,NA,NA
sort_num_s_6_p_t6,0,NA,NA,NA,NA,NA,NA,NA
sort_num_s_6_p_t7,0,NA,NA,NA,NA,NA,NA,NA
sort_num_s_6_p_t8,0,NA,NA,NA,NA,NA,NA,NA
sort_num_s_6_p_t9,0,NA,NA,NA,NA,NA,NA,NA
sort_num_s_7_p_t1,0,0.0300,0.7061,0.0621,0.1108,0.0191,0.0090,0.0102
sort_num_s_7_p_t10,0,NA,NA,NA,NA,NA,NA,NA
sort_num_s_7_p_t2,0,NA,NA,NA,NA,NA,NA,NA
sort_num_s_7_p_t3,0,NA,NA,NA,NA,NA,NA,NA
sort_num_s_7_p_t4,0,NA,NA,NA,NA,NA,NA,NA
sort_num_s_7_p_t5,0,NA,NA,NA,NA,NA,NA,NA
sort_num_s_7_p_t6,0,NA,NA,NA,NA,NA,NA,NA
sort_num_s_7_p_t7,0,NA,NA,NA,NA,NA,NA,NA
sort_num_s_7_p_t8,0,NA,NA,NA,NA,NA,NA,NA
sort_num_s_7_p_t9,0,NA,NA,NA,NA,NA,NA,NA
sparc_erc32,1,0.0693,0.2011,0.0330,NA,0.0168,0.0100,0.0267
sparc_leon,1,0.0654,0.2071,0.0328,NA,0.0172,0.0112,0.0137
sparclite_sim,1,0.0649,0.2010,0.0327,NA,0.0177,0.0109,0.0132
ssa7552-038,0,0.0298,0.0297,0.0298,0.0195,0.0078,0.0130,0.0021
ssa7552-158,0,0.0293,0.0294,0.0296,NA,0.0078,0.0113,0.0021
ssa7552-159,0,0.0293,0.0294,0.0297,NA,0.0078,0.0116,0.0021
ssa7552-160,0,0.0293,0.0294,0.0296,0.0143,0.0077,0.0118,0.0021
stb,1,0.0915,0.3078,0.0351,1.1139,0.0173,0.0102,0.0482
stdeval1,1,0.0889,0.3291,0.0350,1.5935,0.0171,0.0115,0.0196
stm3210e_eval,1,0.1066,0.4011,0.0369,1.7487,0.0171,0.0117,0.0542
sum.32,0,0.0290,5.5275,0.1952,31.7369,0.0163,0.0082,0.1174
tire-1,0,0.0285,0.0284,0.0287,NA,0.0156,0.0055,0.0108
tire-2,0,0.0287,0.0288,0.0290,NA,0.0166,0.0057,0.0104
tire-3,0,0.0287,0.0288,0.0292,0.0297,0.0168,0.0058,0.0162
tire-4,0,0.0301,0.0302,0.0305,NA,0.0180,0.0062,0.0142
toybox,1,0.0282,0.0283,0.0284,0.0054,0.0154,0.0056,0.0097
toybox_0_7_5,1,0.0280,0.0281,0.0282,NA,0.0151,0.0052,0.0097
ts1000,1,0.0903,0.3420,0.0349,5.4950,0.0194,0.0105,0.0179
ts6,1,0.0866,0.3267,0.0350,NA,0.0176,0.0111,0.0240
tx39_sim,1,0.0643,0.1637,0.0316,1.5525,0.0192,0.0104,0.0111
uClibc,1,0.0284,0.0284,0.0286,0.0068,0.0172,0.0060,0.0097
uClibc-ng_1_0_29,1,0.0283,0.0286,0.0290,0.0076,0.0167,0.0060,0.0100
uClinux,1,0.0291,0.0293,0.0293,0.0081,0.0223,0.0075,0.0102
uClinux-base,1,0.0290,0.0299,0.0302,0.0162,0.0162,0.0078,0.0105
uClinux-config,1,0.0387,0.0418,0.0418,0.0925,0.0485,0.1214,NA
uClinux-distribution,1,0.0296,0.0296,0.0298,0.0112,0.0207,0.0136,0.0105
uE250,1,0.0875,0.2950,0.0348,1.8839,0.0170,0.0114,0.0123
uf250-01,0,0.3886,0.7480,0.0573,NA,0.0210,0.0090,0.0517
uf250-010,0,0.0302,0.0301,0.0304,NA,0.0225,0.0080,0.1126
uf250-0100,0,0.0304,0.0305,0.0306,NA,0.0217,0.0078,0.2014
uf250-011,0,0.0305,0.0304,0.0306,NA,0.0219,0.0133,0.0897
uf250-012,0,0.0301,0.0350,0.0302,NA,0.0194,0.0065,0.0838
uf250-013,0,0.0302,0.0301,0.0301,NA,0.0228,0.0073,0.1934
uf250-014,0,0.0302,0.0304,0.0306,NA,0.0210,0.0078,0.1485
uf250-015,0,0.0304,0.0307,0.0306,0.0627,0.0182,0.0067,0.5221
uf250-016,0,0.0626,0.1151,0.0329,0.1802,0.0202,0.0073,0.4823
uf250-017,0,0.0302,0.0302,0.0303,NA,0.0192,0.0069,0.0865
uf250-018,0,0.0297,0.0296,0.0301,NA,0.0188,0.0075,0.2181
uf250-019,0,1.4462,2.6133,0.1149,NA,0.0210,0.0072,0.1136
uf250-02,0,0.0301,0.0301,0.0305,0.0787,0.0235,0.0100,NA
uf250-020,0,0.0300,0.0302,0.0304,NA,0.0212,0.0079,0.1028
uf250-021,0,1.7620,3.0809,0.1331,NA,0.0166,0.0065,0.0868
uf250-022,0,0.0296,0.0299,0.0300,NA,0.0212,0.0071,0.1160
uf250-023,0,0.0299,0.0302,0.0301,NA,0.0244,0.0080,0.2479
uf250-024,0,0.0301,0.0303,0.0305,NA,0.0202,0.0077,0.1056
uf250-025,0,0.0396,0.0675,0.0318,NA,0.0227,0.0079,0.1071
uf250-026,0,0.0297,0.0297,0.0300,NA,0.0174,0.0079,0.1143
uf250-027,0,0.0299,0.0299,0.0302,NA,0.0230,0.0082,0.1855
uf250-028,0,0.0296,0.0297,0.0298,NA,0.0219,0.0076,0.0966
uf250-029,0,0.0303,0.0302,0.0306,NA,0.0248,0.0083,0.4081
uf250-03,0,0.0299,0.0302,0.0302,NA,0.0222,0.0076,0.0996
uf250-030,0,0.0298,0.0302,0.0303,NA,0.0182,0.0069,0.1182
uf250-031,0,0.0301,0.0302,0.0302,NA,0.0230,0.0122,0.1496
uf250-032,0,0.0304,0.0304,0.0305,0.1111,0.0222,0.0095,NA
uf250-033,0,0.0308,0.0408,0.0310,NA,0.0203,0.0078,0.0528
uf250-034,0,0.0295,0.0295,0.0298,NA,0.0202,0.0079,0.0613
uf250-035,0,0.0582,0.0979,0.0328,0.1113,0.0215,0.0068,0.1784
uf250-036,0,0.0300,0.0301,0.0302,NA,0.0220,0.0083,0.7435
uf250-037,0,0.2213,0.4110,0.0454,0.3949,0.0208,0.0078,0.7029
uf250-038,0,0.0300,0.0300,0.0302,NA,0.0261,0.0088,0.1134
uf250-039,0,0.0309,0.0466,0.0310,NA,0.0215,0.0084,0.1788
uf250-04,0,2.4469,4.6350,0.1797,NA,0.0155,0.0083,0.1827
uf250-040,0,0.0303,0.0301,0.0305,NA,0.0224,0.0074,0.2118
uf250-041,0,0.0294,0.0294,0.0297,NA,0.0189,0.0068,0.1218
uf250-042,0,0.0307,0.0307,0.0309,NA,0.0198,0.0072,0.0419
uf250-043,0,0.0297,0.0298,0.0300,0.0571,0.0213,0.0083,0.2834
uf250-044,0,0.0303,0.0398,0.0306,NA,0.0211,0.0088,0.1766
uf250-045,0,0.0295,0.0298,0.0299,NA,0.0222,0.0072,0.3125
uf250-046,0,0.0301,0.0302,0.0305,NA,0.0223,0.0066,0.2119
uf250-047,0,0.0302,0.0302,0.0304,0.1144,0.0203,0.0082,0.2935
uf250-048,0,0.0300,0.0301,0.0301,NA,0.0208,0.0075,0.8026
uf250-049,0,0.2601,0.4281,0.0444,NA,0.0208,0.0069,0.0231
uf250-05,0,0.0297,0.0297,0.0299,NA,0.0211,0.0079,0.8976
uf250-050,0,0.0295,0.0295,0.0297,NA,0.0172,0.0066,0.2079
uf250-051,0,0.0298,0.0302,0.0304,0.0466,0.0221,0.0075,0.1759
uf250-052,0,0.0297,0.0297,0.0298,NA,0.0209,0.0076,0.1443
uf250-053,0,0.0298,0.0300,0.0302,NA,0.0231,0.0095,0.2247
uf250-054,0,0.0297,0.0299,0.0301,NA,0.0188,0.0070,0.1259
uf250-055,0,0.0301,0.0304,0.0303,NA,0.0232,0.0079,0.1684
uf250-056,0,0.0303,0.0304,0.0305,0.1486,0.0230,0.0085,0.2380
uf250-057,0,0.0294,0.0295,0.0298,NA,0.0238,0.0081,0.1461
uf250-058,0,0.0302,0.0301,0.0303,NA,0.0217,0.0093,0.7704
uf250-059,0,0.0298,0.0299,0.0301,NA,0.0195,0.0069,0.2108
uf250-06,0,0.0305,0.0338,0.0310,NA,0.0240,0.0076,0.1415
uf250-060,0,0.0301,0.0304,0.0308,NA,0.0227,0.0074,0.3257
uf250-061,0,0.0302,0.0380,0.0306,NA,0.0195,0.0069,0.2175
uf250-062,0,0.0300,0.0301,0.0305,NA,0.0205,0.0081,0.1656
uf250-063,0,0.0307,0.0307,0.0308,0.1069,0.0186,0.0067,0.1065
uf250-064,0,0.0323,0.0511,0.0310,NA,0.0207,0.0073,0.1229
uf250-065,0,0.0301,0.0303,0.0304,NA,0.0210,0.0073,0.2497
uf250-066,0,0.0363,0.0620,0.0317,NA,0.0250,0.0090,0.1824
uf250-067,0,0.0298,0.0299,0.0302,NA,0.0222,0.0068,0.5136
uf250-068,0,0.0306,0.0306,0.0305,NA,0.0221,0.0068,0.2082
uf250-069,0,0.0301,0.0302,0.0304,NA,0.0228,0.0076,1.2015
uf250-07,0,0.0298,0.0298,0.0299,NA,0.0214,0.0079,0.2185
uf250-070,0,0.0303,0.0303,0.0304,NA,0.0179,0.0079,0.1269
uf250-071,0,0.0294,0.0294,0.0296,NA,0.0228,0.0082,0.1307
uf250-072,0,0.0297,0.0298,0.0299,NA,0.0230,0.0096,0.5977
uf250-073,0,0.0523,0.0924,0.0335,NA,0.0223,0.0078,0.1994
uf250-074,0,0.1016,0.1707,0.0351,NA,0.0226,0.0074,0.0265
uf250-075,0,0.0297,0.0297,0.0301,0.0590,0.0224,0.0073,0.4253
uf250-076,0,0.0297,0.0299,0.0303,NA,0.0229,0.0082,0.1521
uf250-077,0,0.0296,0.0298,0.0302,NA,0.0194,0.0067,0.0938
uf250-078,0,0.0301,0.0301,0.0304,NA,0.0186,0.0066,0.1486
uf250-079,0,0.0308,0.0306,0.0309,NA,0.0237,0.0081,0.2717
uf250-08,0,0.0307,0.0306,0.0307,NA,0.0221,0.0074,0.1830
uf250-080,0,0.0295,0.0297,0.0300,NA,0.0224,0.0076,0.8220
uf250-081,0,0.0314,0.0389,0.0315,0.1389,0.0244,0.0077,1.0587
uf250-082,0,0.0301,0.0303,0.0303,NA,0.0230,0.0093,0.1428
uf250-083,0,0.0309,0.0311,0.0313,NA,0.0252,0.0074,0.2102
uf250-084,0,0.0305,0.0305,0.0307,0.1566,0.0214,0.0093,0.6629
uf250-085,0,0.0305,0.0417,0.0309,NA,0.0186,0.0074,0.1574
uf250-086,0,0.0300,0.0301,0.0304,NA,0.0226,0.0097,0.8320
uf250-087,0,0.0306,0.0306,0.0311,NA,0.0219,0.0075,0.0549
uf250-088,0,0.0304,0.0305,0.0307,NA,0.0243,0.0065,0.2271
uf250-089,0,0.0690,0.1341,0.0335,NA,0.0200,0.0072,0.2219
uf250-09,0,0.0299,0.0298,0.0301,0.0391,0.0197,0.0068,0.2071
uf250-090,0,0.0296,0.0297,0.0300,NA,0.0217,0.0076,0.1475
uf250-091,0,0.2560,0.4918,0.0467,0.3274,0.0172,0.0094,0.1180
uf250-092,0,0.0300,0.0302,0.0305,0.0558,0.0251,0.0068,0.2387
uf250-093,0,0.0299,0.0299,0.0300,NA,0.0216,0.0076,0.3214
uf250-094,0,0.0302,0.0301,0.0301,NA,0.0212,0.0080,0.2788
uf250-095,0,0.1648,0.3330,0.0410,NA,0.0230,0.0079,0.0781
uf250-096,0,0.0303,0.0303,0.0305,NA,0.0200,0.0081,0.1126
uf250-097,0,0.0299,0.0299,0.0302,NA,0.0178,0.0077,0.2332
uf250-098,0,0.0305,0.0303,0.0305,NA,0.0214,0.0079,0.2889
uf250-099,0,0.0301,0.0301,0.0304,NA,0.0232,0.0077,0.0407
uts_k10_p_t1,0,NA,NA,NA,NA,NA,NA,NA
uts_k10_p_t10,0,NA,NA,NA,NA,NA,NA,NA
uts_k10_p_t2,0,NA,NA,NA,NA,NA,NA,NA
uts_k10_p_t3,0,NA,NA,NA,NA,NA,NA,NA
uts_k10_p_t4,0,NA,NA,NA,NA,NA,NA,NA
uts_k10_p_t5,0,NA,NA,NA,NA,NA,NA,NA
uts_k10_p_t6,0,NA,NA,NA,NA,NA,NA,NA
uts_k10_p_t7,0,NA,NA,NA,NA,NA,NA,NA
uts_k10_p_t8,0,NA,NA,NA,NA,NA,NA,NA
uts_k10_p_t9,0,NA,NA,NA,NA,NA,NA,NA
uts_k1_p_t1,0,0.0278,0.0277,0.0280,0.0043,0.0100,0.0079,0.0094
uts_k1_p_t10,0,0.0286,0.0292,0.0290,NA,0.0149,0.0057,0.0222
uts_k1_p_t2,0,0.0278,0.0280,0.0281,0.0047,0.0139,0.0051,0.0097
uts_k1_p_t3,0,0.0280,0.0281,0.0281,0.0058,0.0142,0.0053,0.0098
uts_k1_p_t4,0,0.0280,0.0281,0.0283,NA,0.0140,0.0052,0.0099
uts_k1_p_t5,0,0.0281,0.0283,0.0284,NA,0.0143,0.0054,0.0102
uts_k1_p_t6,0,0.0281,0.0283,0.0285,0.0092,0.0143,0.0053,0.0109
uts_k1_p_t7,0,0.0282,0.0284,0.0286,NA,0.0146,0.0055,0.0102
uts_k1_p_t8,0,0.0284,0.0287,0.0287,0.0129,0.0147,0.0057,0.0170
uts_k1_p_t9,0,0.0285,0.0286,0.0289,NA,0.0147,0.0059,0.0173
uts_k2_p_t1,0,0.0280,0.0281,0.0285,NA,0.0142,0.0053,0.0098
uts_k2_p_t10,0,12.6146,32.8874,1.9678,NA,0.0268,0.0093,NA
uts_k2_p_t2,0,0.0426,0.0685,0.0308,NA,0.0147,0.0056,0.0124
uts_k2_p_t3,0,0.1046,0.3713,0.0406,NA,0.0150,0.0058,0.0269
uts_k2_p_t4,0,0.3803,0.6414,0.0551,NA,0.0166,0.0063,0.1046
uts_k2_p_t5,0,0.7975,1.6056,0.1065,1.4708,0.0237,0.0068,0.4547
uts_k2_p_t6,0,2.0386,3.9238,0.2084,NA,0.0168,0.0070,0.1699
uts_k2_p_t7,0,3.0814,6.8674,0.3615,7.7220,0.0189,0.0076,0.1818
uts_k2_p_t8,0,4.1110,8.1003,0.4315,5.5719,0.0291,0.0078,0.3340
uts_k2_p_t9,0,6.9345,13.5698,0.7590,0.2189,0.0270,0.0089,NA
uts_k3_p_t1,0,0.0285,0.0287,0.0288,NA,0.0146,0.0059,0.0173
uts_k3_p_t10,0,NA,NA,NA,NA,NA,NA,NA
uts_k3_p_t2,0,1.8817,3.3321,0.1773,0.1556,0.0155,0.0066,0.3148
uts_k3_p_t3,0,7.0536,41.6864,2.5833,21.8403,0.0385,0.0077,0.0945
uts_k3_p_t4,0,32.4085,NA,4.2262,NA,0.0618,0.0084,NA
uts_k3_p_t5,0,NA,NA,NA,NA,NA,NA,NA
uts_k3_p_t6,0,NA,NA,NA,NA,NA,NA,NA
uts_k3_p_t7,0,NA,NA,NA,NA,NA,NA,NA
uts_k3_p_t8,0,NA,NA,NA,NA,NA,NA,NA
uts_k3_p_t9,0,NA,NA,NA,NA,NA,NA,NA
uts_k4_p_t1,0,0.1276,0.3006,0.0367,0.6177,0.0156,0.0066,0.2480
uts_k4_p_t10,0,NA,NA,NA,NA,NA,NA,NA
uts_k4_p_t2,0,NA,NA,NA,NA,NA,NA,NA
uts_k4_p_t3,0,NA,NA,NA,NA,NA,NA,NA
uts_k4_p_t4,0,NA,NA,NA,NA,NA,NA,NA
uts_k4_p_t5,0,NA,NA,NA,NA,NA,NA,NA
uts_k4_p_t6,0,NA,NA,NA,NA,NA,NA,NA
uts_k4_p_t7,0,NA,NA,NA,NA,NA,NA,NA
uts_k4_p_t8,0,NA,NA,NA,NA,NA,NA,NA
uts_k4_p_t9,0,NA,NA,NA,NA,NA,NA,NA
uts_k5_p_t1,0,1.7856,3.6958,0.1521,NA,0.0454,0.0070,0.0534
uts_k5_p_t10,0,NA,NA,NA,NA,NA,NA,NA
uts_k5_p_t2,0,NA,NA,NA,NA,NA,NA,NA
uts_k5_p_t3,0,NA,NA,NA,NA,NA,NA,NA
uts_k5_p_t4,0,NA,NA,NA,NA,NA,NA,NA
uts_k5_p_t5,0,NA,NA,NA,NA,NA,NA,NA
uts_k5_p_t6,0,NA,NA,NA,NA,NA,NA,NA
uts_k5_p_t7,0,NA,NA,NA,NA,NA,NA,NA
uts_k5_p_t8,0,NA,NA,NA,NA,NA,NA,NA
uts_k5_p_t9,0,NA,NA,NA,NA,NA,NA,NA
vads,1,0.0903,0.3261,0.0348,NA,0.0171,0.0119,0.0333
viper,1,0.1233,0.3929,0.0364,NA,0.0181,0.0122,0.1028
vrc4373,1,0.0909,0.2837,0.0342,1.4201,0.0171,0.0118,0.0221
vrc4375,1,0.0814,0.3337,0.0356,2.4333,0.0181,0.0119,0.0156
wff.3.100.150,0,NA,NA,NA,NA,NA,NA,NA
wff.3.150.525,0,NA,NA,7.3250,NA,NA,0.0057,NA
wff.3.75.315,0,0.0280,0.0280,0.0283,NA,0.0133,0.0052,0.0100
wff.4.100.500,0,NA,NA,NA,NA,NA,NA,NA
